text,actual_intent,predicted_intent,intent_match,actual_domain,predicted_domain,domain_match,confidence,raw_confidence,margin,source,agreement,is_confusion_pair,gate_reason
What is the approval status of claim 132435151040074 sequence 001?,approval_info,approval_info,True,benefits_api,benefits_api,True,0.8997849911306837,0.7384808437976933,0.8997006614067059,ensemble,True,True,pass
Is claim 180571470939000 sequence 001 approved or denied?,rejection_reasons,rejection_reasons,True,cap_api,cap_api,True,0.8994068289998279,0.6804269138054049,0.8991001083138019,ensemble,True,True,pass
Approval summary for claim 201503823714118 sequence 001.,approval_info,approval_info,True,benefits_api,benefits_api,True,0.9987230598504817,0.5704994394994158,0.998205167908622,ensemble,True,False,pass
Check the approval reason for claim 201752592251000 sequence 001.,approval_info,approval_info,True,benefits_api,benefits_api,True,0.9940283751730752,0.4546322184631509,0.990541127758479,ensemble,True,False,pass
"Was claim 201990819198000 sequence 001 approved? If so, what were the approval messages?",approval_info,approval_info,True,benefits_api,benefits_api,True,0.8947703685501738,0.47913964396255215,0.8921858184005096,ensemble,True,True,pass
List the plan overrides that led to approval of claim 211263773300000 sequence 004.,approval_info,approval_info,True,benefits_api,benefits_api,True,0.9987669151410302,0.5804622354444622,0.9979938453002639,ensemble,True,False,pass
What BPG configuration was used to approve claim 220133725669000 sequence 001?,approval_info,approval_info,True,benefits_api,benefits_api,True,0.9993629963491572,0.5572355670596507,0.9992758762949518,ensemble,True,False,pass
Claim 220992183436835 sequence 002 approval details.,approval_info,approval_info,True,benefits_api,benefits_api,True,0.9993943555562745,0.658900511620409,0.9991867957177533,ensemble,True,False,pass
Did claim 221172865083001 sequence 001 pass adjudication? Show the approval logic.,approval_info,approval_info,True,benefits_api,benefits_api,True,0.8913793305533079,0.38806822213136966,0.8882837774022717,ensemble,True,True,pass
What override codes were applied to approve claim 221663541811000 sequence 001?,rejection_reasons,approval_info,False,cap_api,benefits_api,False,0.9979992984246381,0.4962959920605525,0.9972402779670458,ensemble,True,False,pass
Approval status and messages for claim 222492018072002 sequence 001.,approval_info,approval_info,True,benefits_api,benefits_api,True,0.9997985709666409,0.7154727608670937,0.9997331044270906,ensemble,True,False,pass
Explain the approval decision for claim 222492117457002 sequence 001.,approval_info,approval_info,True,benefits_api,benefits_api,True,0.9983303339198423,0.6519610428978687,0.9968815652158315,ensemble,True,False,pass
What plan options led to approval on claim 230624075311000 sequence 002?,approval_info,approval_info,True,benefits_api,benefits_api,True,0.9970692640490895,0.44084937822273346,0.9965858767906149,ensemble,True,False,pass
Lookup approval information for claim 231865207544000 sequence 001.,approval_info,approval_info,True,benefits_api,benefits_api,True,0.8935074321601961,0.45632335070130103,0.8901248413427814,ensemble,True,True,pass
Show the approval codes associated with claim 231912348363000 sequence 002.,approval_info,approval_info,True,benefits_api,benefits_api,True,0.9152947545056965,0.41232980798961516,0.914075495227858,ensemble,False,False,disagreement
Claim 240051073172000 sequence 001: approval or rejection?,rejection_reasons,rejection_reasons,True,cap_api,cap_api,True,0.9995867437781328,0.6562843239780473,0.9994246374240664,ensemble,True,False,pass
What were the accumulation overrides on approved claim 240063508485000 sequence 001?,beneficiary_info,approval_info,False,benefits_api,benefits_api,True,0.9093974011577064,0.4403479001314214,0.9007765149869353,ensemble,False,False,disagreement
Adjudication outcome and approval details for claim 240063519295000 sequence 001.,claim_status,claim_status,True,cap_api,cap_api,True,0.6334016145722632,0.34664674696092346,0.44074014582329807,ensemble,False,True,disagreement
Pull the approval summary and override details for claim 240094966940000 sequence 001.,approval_info,approval_info,True,benefits_api,benefits_api,True,0.9989421270504513,0.5432267953839632,0.9985601208374538,ensemble,True,False,pass
What is the transition fill status of claim 130041467416065 sequence 001?,approval_info,approval_info,True,benefits_api,benefits_api,True,0.7500444774957047,0.35871558524810643,0.6747599096684855,ensemble,False,True,disagreement
Is claim 132435151040074 sequence 001 a transition fill?,approval_info,approval_info,True,benefits_api,benefits_api,True,0.866615831600899,0.3235429441416422,0.8390018610438527,ensemble,True,True,pass
Transition fill details for claim 150692388845000 sequence 001.,approval_info,approval_info,True,benefits_api,benefits_api,True,0.8937877337560421,0.5107660619276099,0.8881764867472143,ensemble,True,True,pass
Was a TF applied to claim 160060096136030 sequence 001?,approval_info,approval_info,True,benefits_api,benefits_api,True,0.8936491854450571,0.36076363546448587,0.8915112074903223,ensemble,True,True,pass
Check if transition fill was triggered for claim 180571470939000 sequence 001.,approval_info,approval_info,True,benefits_api,benefits_api,True,0.751414525967357,0.3551493097995143,0.6769150108205862,ensemble,False,True,disagreement
What type of transition fill was applied to claim 191406379285000 sequence 001?,approval_info,approval_info,True,benefits_api,benefits_api,True,0.8983179803358785,0.6213558374625239,0.8968520561089399,ensemble,True,True,pass
Claim 201503823714118 sequence 001 TF eligibility status.,approval_info,approval_info,True,benefits_api,benefits_api,True,0.6265815174402006,0.24341184528469129,0.4334213248233416,ensemble,False,True,disagreement
Transition fill configuration for claim 201752592251000 sequence 001.,approval_info,approval_info,True,benefits_api,benefits_api,True,0.8948613464635081,0.43202381502407916,0.8912932726928968,ensemble,True,True,pass
Did this member qualify for transition fill on claim 201990819198000 sequence 001?,approval_info,member_transition_status,False,benefits_api,member_domain,False,0.835268253810441,0.3728661090449027,0.7726443114177753,ensemble,True,True,pass
TF override details for claim 211263773300000 sequence 004.,approval_info,approval_info,True,benefits_api,benefits_api,True,0.9977188933267542,0.4592271254081315,0.9971864795235355,ensemble,True,False,pass
What plan configuration overrides affected claim 220133725669000 sequence 001?,approval_info,approval_info,True,benefits_api,benefits_api,True,0.9724189436686491,0.27283541388402127,0.9622510507649021,ensemble,True,False,pass
Adjudication pathway for claim 220992183436835 sequence 002.,approval_info,claim_status,False,benefits_api,cap_api,False,0.5670231606641902,0.22374896333248956,0.3187330963100771,ensemble,False,True,disagreement
Transition fill approval information for claim 221172865083001 sequence 001.,approval_info,approval_info,True,benefits_api,benefits_api,True,0.896871865301806,0.5879380215390919,0.8939955509437509,ensemble,True,True,pass
Was claim 221663541811000 sequence 001 processed under a TF exception?,approval_info,approval_info,True,benefits_api,benefits_api,True,0.8932516284013565,0.36846538881463686,0.891224875695179,ensemble,True,True,pass
Claim 221775171449000 sequence 003: transition fill type and eligibility.,approval_info,approval_info,True,benefits_api,benefits_api,True,0.6590031974808221,0.35245508855239305,0.4915744100083029,ensemble,False,True,disagreement
Show TF status for claim 222492018072002 sequence 001.,approval_info,approval_info,True,benefits_api,benefits_api,True,0.8879917587022865,0.3672466513825359,0.8816849080980357,ensemble,True,True,pass
List all plan overrides on claim 222492117457002 sequence 001.,approval_info,approval_info,True,benefits_api,benefits_api,True,0.8225630947788817,0.2980142317445873,0.7338466619161401,ensemble,False,False,disagreement
Check transition fill override details for claim 230381673488000 sequence 001.,approval_info,approval_info,True,benefits_api,benefits_api,True,0.898170049388691,0.5152045320032812,0.8969935998946119,ensemble,True,True,pass
TF type applied to claim 230624075311000 sequence 002.,approval_info,approval_info,True,benefits_api,benefits_api,True,0.9950529833322053,0.399730803092172,0.9936004241551741,ensemble,True,False,pass
Plan configuration that affected TF on claim 231181462825000 sequence 001.,approval_info,approval_info,True,benefits_api,benefits_api,True,0.9924821797885339,0.3367199201176385,0.99140129297523,ensemble,True,False,pass
What is the audit trail for claim 130041467416065 sequence 001?,audit_info,audit_info,True,benefits_api,benefits_api,True,0.9966311423099117,0.4301208947297498,0.9959108029126763,ensemble,True,False,pass
When was claim 132435151040074 sequence 001 first created?,audit_info,audit_info,True,benefits_api,benefits_api,True,0.9997255315778308,0.6430138861297288,0.9996989689466638,ensemble,True,False,pass
Audit log for claim 150692388845000 sequence 001.,audit_info,audit_info,True,benefits_api,benefits_api,True,0.9987561829022445,0.49855154823987813,0.9986058596206984,ensemble,True,False,pass
Show the change history of claim 160060096136030 sequence 001.,audit_info,audit_info,True,benefits_api,benefits_api,True,0.9987251280845372,0.5627761271624698,0.9984467996980138,ensemble,True,False,pass
What modifications were made to claim 180571470939000 sequence 001?,reversal_info,reversal_info,True,cap_api,cap_api,True,0.7668412585992431,0.20993439550411455,0.5605122395909117,ensemble,True,False,pass
When was claim 191406379285000 sequence 001 last updated?,claim_status,audit_info,False,cap_api,benefits_api,False,0.8056414092632974,0.23136997118917568,0.685993050157131,ensemble,True,False,pass
Claim 201503823714118 sequence 001 add date and change date.,fill_date_info,audit_info,False,claim_history_search,benefits_api,False,0.99945746450902,0.6029440840626176,0.9993357695547258,ensemble,True,False,pass
Who last modified claim 201752592251000 sequence 001 and when?,audit_info,audit_info,True,benefits_api,benefits_api,True,0.999786726828696,0.7002760215097033,0.9997063788848329,ensemble,True,False,pass
List all audit entries for claim 201990819198000 sequence 001.,audit_info,audit_info,True,benefits_api,benefits_api,True,0.9962361351393002,0.4125779723873716,0.9954781530066714,ensemble,True,False,pass
What is the creation timestamp of claim 211263773300000 sequence 004?,audit_info,audit_info,True,benefits_api,benefits_api,True,0.9997251718026863,0.641341313262131,0.9996907123502496,ensemble,True,False,pass
Modification record for claim 220133725669000 sequence 001.,audit_info,audit_info,True,benefits_api,benefits_api,True,0.9696197184753077,0.425782839392831,0.9409217378398194,ensemble,True,False,pass
Claim 220992183436835 sequence 002: edit history and change log.,audit_info,audit_info,True,benefits_api,benefits_api,True,0.9987968033715893,0.5797259603318567,0.9984203041120071,ensemble,True,False,pass
When was claim 221172865083001 sequence 001 added to the system?,audit_info,audit_info,True,benefits_api,benefits_api,True,0.9997448398657212,0.645296327327393,0.9997147112117932,ensemble,True,False,pass
Full audit report for claim 221663541811000 sequence 001.,audit_info,audit_info,True,benefits_api,benefits_api,True,0.9963566756177042,0.4218954556744481,0.9952625471990354,ensemble,True,False,pass
What is the audit add time for claim 221775171449000 sequence 003?,audit_info,audit_info,True,benefits_api,benefits_api,True,0.9725367879888281,0.2437140271713376,0.967864011759484,ensemble,True,False,pass
History of changes on claim 222492018072002 sequence 001.,audit_info,audit_info,True,benefits_api,benefits_api,True,0.9939793167961455,0.44257195847194186,0.9916132006963895,ensemble,True,False,pass
Claim 222492117457002 sequence 001 audit summary.,audit_info,audit_info,True,benefits_api,benefits_api,True,0.9899815312779456,0.3328565027562725,0.9875210868113194,ensemble,True,False,pass
Audit information including add date and change date for claim 230381673488000 sequence 001.,audit_info,audit_info,True,benefits_api,benefits_api,True,0.9960066073470069,0.3995940878669713,0.995357647846573,ensemble,True,False,pass
Show the modification details for claim 230624075311000 sequence 002.,audit_info,audit_info,True,benefits_api,benefits_api,True,0.993006201779073,0.5630288018414153,0.9864016380419353,ensemble,True,False,pass
Claim audit record for 231181462825000 sequence 001.,audit_info,audit_info,True,benefits_api,benefits_api,True,0.998720294433297,0.49466895019371887,0.998553703532604,ensemble,True,False,pass
What is the member's benefit phase for claim 130041467416065 sequence 001?,beneficiary_info,beneficiary_info,True,benefits_api,benefits_api,True,0.8958237986461877,0.40188123374807155,0.8950166868951009,ensemble,True,True,pass
Member coverage details for claim 150692388845000 sequence 001.,beneficiary_info,beneficiary_info,True,benefits_api,benefits_api,True,0.8882485757808891,0.349655022011063,0.8843316191163061,ensemble,True,True,pass
Benefit type and coverage tier for claim 180571470939000 sequence 001.,beneficiary_info,beneficiary_info,True,benefits_api,benefits_api,True,0.9074547593695707,0.39500178566686306,0.8998219519661224,ensemble,False,False,disagreement
Is the member eligible for benefits on claim 191406379285000 sequence 001?,beneficiary_info,beneficiary_info,True,benefits_api,benefits_api,True,0.6946912408374651,0.19579952692924202,0.5219673205869599,ensemble,True,True,pass
What benefit phase is the member in for claim 201503823714118 sequence 001?,beneficiary_info,beneficiary_info,True,benefits_api,benefits_api,True,0.999420631230442,0.5932668612943057,0.9993197043437786,ensemble,True,False,pass
Member plan details for claim 201752592251000 sequence 001.,beneficiary_info,beneficiary_info,True,benefits_api,benefits_api,True,0.4218527168424547,0.1646609192924226,0.22380410135617135,ensemble,False,True,disagreement
Accumulation status for the member on claim 201990819198000 sequence 001.,beneficiary_info,beneficiary_info,True,benefits_api,benefits_api,True,0.8987344198181363,0.5404607182180096,0.8980744888572287,ensemble,True,True,pass
Does medical dollar accumulation apply to claim 211263773300000 sequence 004?,beneficiary_info,beneficiary_info,True,benefits_api,benefits_api,True,0.7921090061068432,0.2793489280381974,0.7673180820012763,ensemble,False,True,disagreement
Member's coverage classification for claim 220992183436835 sequence 002.,beneficiary_info,beneficiary_info,True,benefits_api,benefits_api,True,0.9933560434714017,0.4450385634808924,0.9888523482959836,ensemble,True,False,pass
Claim 221663541811000 sequence 001: member's insurance coverage type.,beneficiary_info,beneficiary_info,True,benefits_api,benefits_api,True,0.9955247287673419,0.440631228841561,0.9938281212429981,ensemble,True,False,pass
Member eligibility information for claim 222492018072002 sequence 001.,beneficiary_info,beneficiary_info,True,benefits_api,benefits_api,True,0.6725608888711547,0.19463157630212705,0.45964957755356567,ensemble,False,False,disagreement
What plan is the member enrolled in for claim 222492117457002 sequence 001?,beneficiary_info,beneficiary_info,True,benefits_api,benefits_api,True,0.5896671286685287,0.17976486367591027,0.3349927536899982,ensemble,False,False,disagreement
Benefit plan configuration for claim 230381673488000 sequence 001.,beneficiary_info,beneficiary_info,True,benefits_api,benefits_api,True,0.47814678173181463,0.15170115061836353,0.2552087984349356,ensemble,False,True,disagreement
Member accumulation rules for claim 230624075311000 sequence 002.,beneficiary_info,beneficiary_info,True,benefits_api,benefits_api,True,0.8931237937443863,0.3750440462288375,0.8912987304418251,ensemble,True,True,pass
Coverage details and benefit phase for claim 231181462825000 sequence 001.,beneficiary_info,beneficiary_info,True,benefits_api,benefits_api,True,0.8536824720919683,0.24628529832626567,0.8400657443370816,ensemble,True,True,pass
What is the current status of claim 130041467416065 sequence 001?,claim_status,claim_status,True,cap_api,cap_api,True,0.8997544268134716,0.683458715383858,0.899679545815618,ensemble,True,True,pass
Claim summary for 132435151040074 sequence 001.,claim_status,claim_status,True,cap_api,cap_api,True,0.9970518608397858,0.47599637381722015,0.9964062285204849,ensemble,True,False,pass
Full details of claim 150692388845000 sequence 001.,claim_status,claim_status,True,cap_api,cap_api,True,0.8217363779000879,0.20604776076177747,0.7863296415172217,ensemble,False,False,disagreement
What happened on claim 160060096136030 sequence 001?,claim_status,audit_info,False,cap_api,benefits_api,False,0.5709237692916388,0.15262779817579109,0.2921421860546508,ensemble,False,False,disagreement
Processing status of claim 180571470939000 sequence 001.,claim_status,claim_status,True,cap_api,cap_api,True,0.9976221982383806,0.5123277999022526,0.9965552437709294,ensemble,True,False,pass
Adjudication outcome for claim 191406379285000 sequence 001.,claim_status,claim_status,True,cap_api,cap_api,True,0.8998247511991181,0.7146033236115877,0.8997303200561776,ensemble,True,True,pass
Complete claim record for 201503823714118 sequence 001.,claim_status,claim_status,True,cap_api,cap_api,True,0.9695540633826428,0.34192429431786486,0.9475118671015509,ensemble,True,False,pass
Breakdown of claim 201752592251000 sequence 001.,claim_status,claim_status,True,cap_api,cap_api,True,0.6634230696948387,0.138388052128118,0.5547216178851714,ensemble,False,False,disagreement
Status update for claim 201990819198000 sequence 001.,claim_status,claim_status,True,cap_api,cap_api,True,0.8957956722535749,0.4592111236988016,0.8937025922173532,ensemble,True,True,pass
Comprehensive summary of claim 211263773300000 sequence 004.,approval_info,claim_status,False,benefits_api,cap_api,False,0.989295404715685,0.41486278116578246,0.9824118402422504,ensemble,True,False,pass
"Is claim 220133725669000 sequence 001 paid, rejected, or pending?",claim_status,claim_status,True,cap_api,cap_api,True,0.8998605001431963,0.7369721004595707,0.8997950640056198,ensemble,True,True,pass
Claim 220992183436835 sequence 002 status and processing details.,claim_status,claim_status,True,cap_api,cap_api,True,0.8963350874175018,0.4578088315424611,0.8951066778217379,ensemble,True,True,pass
Claim 221663541811000 sequence 001 overview.,claim_status,claim_status,True,cap_api,cap_api,True,0.8950787380338773,0.3240659486758346,0.883247100109483,ensemble,False,False,disagreement
Show the full record for claim 221775171449000 sequence 003.,claim_status,claim_status,True,cap_api,cap_api,True,0.8647260887525048,0.3313431949766496,0.844164958904356,ensemble,True,True,pass
Adjudication details for claim 222492018072002 sequence 001.,claim_status,claim_status,True,cap_api,cap_api,True,0.8942493078041327,0.4539551677519048,0.88992509813934,ensemble,True,True,pass
Claim 222492117457002 sequence 001: status and outcome.,claim_status,claim_status,True,cap_api,cap_api,True,0.9950903975373282,0.4685772012748681,0.9922898445134565,ensemble,True,False,pass
Quick status check on claim 230381673488000 sequence 001.,claim_status,claim_status,True,cap_api,cap_api,True,0.9997110037608148,0.6744095409594298,0.9996034433856463,ensemble,True,False,pass
What was the result of processing claim 230624075311000 sequence 002?,claim_status,claim_status,True,cap_api,cap_api,True,0.8998002397503357,0.677352543709514,0.8997538530132985,ensemble,True,True,pass
Claim details and status for 231181462825000 sequence 001.,claim_status,claim_status,True,cap_api,cap_api,True,0.9947039049630826,0.445065746318986,0.9927744696478752,ensemble,True,False,pass
Does claim 132435151040074 sequence 001 have coordination of benefits?,cob_info,cob_info,True,cap_api,cap_api,True,0.9977634761497371,0.43690515485924913,0.9975174038695442,ensemble,True,False,pass
COB summary for claim 150692388845000 sequence 001.,cob_info,cob_info,True,cap_api,cap_api,True,0.9954033874690893,0.45709426716699286,0.9937148094601098,ensemble,True,False,pass
What other insurance information exists for claim 211263773300000 sequence 004?,cob_info,cob_info,True,cap_api,cap_api,True,0.5848310347955812,0.18098257203996876,0.3749537997546561,ensemble,False,True,disagreement
Is there a secondary payer on claim 242055403386000 sequence 001?,cob_info,cob_info,True,cap_api,cap_api,True,0.7748036148736105,0.36130724287796157,0.6512529648057555,ensemble,True,True,pass
Coordination of benefits details for claim 242831720377166 sequence 002.,cob_info,cob_info,True,cap_api,cap_api,True,0.9991925275661107,0.5604852764280228,0.9990161154318082,ensemble,True,False,pass
COB pricing breakdown for claim 242831738080166 sequence 001.,cob_info,cob_info,True,cap_api,cap_api,True,0.9937373876692712,0.45859507851349246,0.9893433462387317,ensemble,True,False,pass
How did other insurance affect claim 243102333796000 sequence 003?,cob_info,cob_info,True,cap_api,cap_api,True,0.8953365820276437,0.5014501969776782,0.8914155138196348,ensemble,True,True,pass
Secondary insurance details for claim 243122443413000 sequence 001.,cob_info,cob_info,True,cap_api,cap_api,True,0.8940689192480616,0.5490652219481313,0.8885221332524972,ensemble,True,True,pass
COB calculation for claim 252611736720000 sequence 002.,cob_info,cob_info,True,cap_api,cap_api,True,0.998011530548822,0.4815331418250228,0.9975173216703861,ensemble,True,False,pass
Coordination details for claim 252952886196000 sequence 001.,cob_info,cob_info,True,cap_api,cap_api,True,0.9931365954168564,0.40870154669896225,0.9894729805299972,ensemble,True,False,pass
Other payer information for claim 253091241600000 sequence 001.,cob_info,cob_info,True,cap_api,cap_api,True,0.9915343542259017,0.4098829005800343,0.988152452444426,ensemble,True,False,pass
Dual coverage details for claim 253136857840000 sequence 001.,cob_info,cob_info,True,cap_api,cap_api,True,0.88687363541703,0.41982366158761186,0.8755060432459193,ensemble,True,True,pass
COB setup for claim 132435151040074 sequence 001.,cob_info,cob_info,True,cap_api,cap_api,True,0.9949335488332126,0.4145481170439652,0.9926716112043598,ensemble,True,False,pass
Secondary payer information for claim 150692388845000 sequence 001.,cob_info,cob_info,True,cap_api,cap_api,True,0.8976679791064899,0.6008828325634816,0.8956236541658774,ensemble,True,True,pass
COB report for claim 211263773300000 sequence 004.,cob_info,cob_info,True,cap_api,cap_api,True,0.995512467473319,0.42570332638773994,0.9933906872392815,ensemble,True,False,pass
Impact of other insurance on claim 242055403386000 sequence 001.,cob_info,cob_info,True,cap_api,cap_api,True,0.8780408925130808,0.3872175473898298,0.8585240048218152,ensemble,True,True,pass
COB adjudication details for claim 242831720377166 sequence 002.,claim_status,cob_info,False,cap_api,cap_api,True,0.8604251660045984,0.30111335366750824,0.8094923699786961,ensemble,False,False,disagreement
Primary and secondary insurance breakdown for claim 242831738080166 sequence 001.,cob_info,cob_info,True,cap_api,cap_api,True,0.8968527298808038,0.44746592206108304,0.895290950171557,ensemble,True,True,pass
COB configuration for claim 243102333796000 sequence 003.,cob_info,cob_info,True,cap_api,cap_api,True,0.9963515114975532,0.4153921807235584,0.9955907386180448,ensemble,True,False,pass
Coordination pricing summary for claim 243122443413000 sequence 001.,pricing_info,cob_info,False,cap_api,cap_api,True,0.908429133502817,0.4468969854572852,0.8989196067920261,ensemble,False,False,disagreement
Is claim 130041467416065 sequence 001 for a compound medication?,compound_info,compound_info,True,claim_history_search,claim_history_search,True,0.9981944220285259,0.4658680650770136,0.9979490586239246,ensemble,True,False,pass
Compound details for claim 132435151040074 sequence 001.,compound_info,compound_info,True,claim_history_search,claim_history_search,True,0.9974181752742387,0.42643484520628394,0.9971132292581737,ensemble,True,False,pass
What is the compound code on claim 150692388845000 sequence 001?,compound_info,compound_info,True,claim_history_search,claim_history_search,True,0.9784419177774205,0.2673430145021938,0.9708214904626977,ensemble,True,False,pass
Ingredient breakdown for compound claim 160060096136030 sequence 001.,compound_info,compound_info,True,claim_history_search,claim_history_search,True,0.9995828619324236,0.5854578371259742,0.9995494789995092,ensemble,True,False,pass
MIC information for claim 180571470939000 sequence 001.,compound_info,compound_info,True,claim_history_search,claim_history_search,True,0.8394086406272123,0.22244869438091253,0.7844777723161169,ensemble,False,False,disagreement
Compound ingredient costs for claim 191406379285000 sequence 001.,compound_info,compound_info,True,claim_history_search,claim_history_search,True,0.8917229622703722,0.5355844106680966,0.8839730897647414,ensemble,True,True,pass
Is this a compounded prescription? Claim 201503823714118 sequence 001.,compound_info,compound_info,True,claim_history_search,claim_history_search,True,0.9968681063658666,0.42597192150761265,0.9961201902743245,ensemble,True,False,pass
Funded and unfunded costs for compound claim 201752592251000 sequence 001.,compound_info,compound_info,True,claim_history_search,claim_history_search,True,0.992188104338223,0.3676051786921179,0.9901650020171481,ensemble,True,False,pass
Ingredient list for compound claim 201990819198000 sequence 001.,compound_info,compound_info,True,claim_history_search,claim_history_search,True,0.9993241563461164,0.5496054627726723,0.9992283142859594,ensemble,True,False,pass
Compound drug details for claim 211263773300000 sequence 004.,compound_info,compound_info,True,claim_history_search,claim_history_search,True,0.9988892840350273,0.5299231988706999,0.9985574620275934,ensemble,True,False,pass
MIC cost breakdown for claim 220133725669000 sequence 001.,compound_info,compound_info,True,claim_history_search,claim_history_search,True,0.49568446674050837,0.18532287454736074,0.1944967560845236,ensemble,False,True,disagreement
Individual ingredient pricing for claim 220992183436835 sequence 002.,compound_info,pricing_info,False,claim_history_search,cap_api,False,0.6833792155234514,0.3092354048106342,0.46959367169980504,ensemble,True,True,pass
Compound formulation details for claim 221172865083001 sequence 001.,compound_info,compound_info,True,claim_history_search,claim_history_search,True,0.9991374326027302,0.5578262933043014,0.9989418458021808,ensemble,True,False,pass
Compound medication summary for claim 221663541811000 sequence 001.,compound_info,compound_info,True,claim_history_search,claim_history_search,True,0.997647170731456,0.45015748313962545,0.997108716177619,ensemble,True,False,pass
MIC details and ingredient breakdown for claim 221775171449000 sequence 003.,compound_info,compound_info,True,claim_history_search,claim_history_search,True,0.9965284432847381,0.4107195410909774,0.9955387817862155,ensemble,True,False,pass
Compound pricing information for claim 222492018072002 sequence 001.,compound_info,compound_info,True,claim_history_search,claim_history_search,True,0.8425728190863234,0.3244372656524424,0.7928264165919366,ensemble,True,True,pass
Ingredient cost report for claim 222492117457002 sequence 001.,pricing_info,compound_info,False,cap_api,claim_history_search,False,0.6712370008809015,0.2863967490062562,0.5191558696261471,ensemble,False,True,disagreement
Compound claim details for 230624075311000 sequence 002.,compound_info,compound_info,True,claim_history_search,claim_history_search,True,0.9984619051431048,0.5063064278187926,0.9980243305992175,ensemble,True,False,pass
MIC summary for claim 231181462825000 sequence 001.,compound_info,compound_info,True,claim_history_search,claim_history_search,True,0.5763059101137099,0.15888684043338913,0.4338717927655719,ensemble,False,False,disagreement
Claim history for the member on claim 132435151040074 sequence 001.,audit_info,audit_info,True,benefits_api,benefits_api,True,0.4701314358844363,0.19520985150080275,0.1365648830518344,ensemble,False,False,disagreement
Member's claim history for the drug on claim 220133725669000 sequence 001.,date_range_claims,date_range_claims,True,claim_history_search,claim_history_search,True,0.9601362933858287,0.3891574538112968,0.9237937395386191,ensemble,True,False,pass
Claim list for this year related to 221775171449000 sequence 003.,date_range_claims,Month,False,claim_history_search,claim_history_search,True,0.6793675742368994,0.20172398233311753,0.46518416959438896,ensemble,False,False,disagreement
Claim history for this member and drug for 222492117457002 sequence 001.,date_range_claims,date_range_claims,True,claim_history_search,claim_history_search,True,0.9771081447398717,0.36777392591300256,0.961184974726428,ensemble,True,False,pass
Member prescription history for 231181462825000 sequence 001.,date_range_claims,date_range_claims,True,claim_history_search,claim_history_search,True,0.9867221309816796,0.3436406100707933,0.9810462351918084,ensemble,True,False,pass
Brand vs generic information for claim 191406379285000 sequence 001.,drug_info,daw_info,False,claim_history_search,cap_api,False,0.8339411124479631,0.2871842450219406,0.7909995700966387,ensemble,False,False,disagreement
What drug was dispensed on claim 130041467416065 sequence 001?,drug_info,drug_info,True,claim_history_search,claim_history_search,True,0.973909239451768,0.29932035597050505,0.9608357955744471,ensemble,True,False,pass
Drug name and NDC for claim 132435151040074 sequence 001.,drug_info,drug_info,True,claim_history_search,claim_history_search,True,0.9635469178016232,0.3178713888440231,0.9407351274865886,ensemble,True,False,pass
Medication details for claim 150692388845000 sequence 001.,drug_info,drug_info,True,claim_history_search,claim_history_search,True,0.9850375906338595,0.33430517915993274,0.979823248611093,ensemble,True,False,pass
Formulary status of the drug on claim 160060096136030 sequence 001.,drug_info,drug_info,True,claim_history_search,claim_history_search,True,0.997529535938667,0.4499048573525918,0.9970230568705498,ensemble,True,False,pass
What is the GPI number for claim 180571470939000 sequence 001?,drug_info,ClaimNum,False,claim_history_search,claim_history_search,True,0.14817573901661088,0.055469794600791524,0.040712960391045126,ensemble,False,False,disagreement
Drug classification for claim 191406379285000 sequence 001.,drug_info,drug_info,True,claim_history_search,claim_history_search,True,0.9937499711865609,0.41775317106672116,0.9898423224228285,ensemble,True,False,pass
Drug setup used in RxClaim for claim 201503823714118 sequence 001.,drug_info,drug_info,True,claim_history_search,claim_history_search,True,0.9821249953424555,0.2742922498869191,0.9797676979227193,ensemble,True,False,pass
Drug category details for claim 201752592251000 sequence 001.,drug_info,drug_info,True,claim_history_search,claim_history_search,True,0.9956970492912023,0.43936534360852714,0.9939246420503387,ensemble,True,False,pass
Formulary position for the medication on claim 201990819198000 sequence 001.,drug_info,drug_info,True,claim_history_search,claim_history_search,True,0.8974013020118953,0.4659536963291753,0.8965254491531518,ensemble,True,True,pass
Drug type and classification for claim 211263773300000 sequence 004.,drug_info,drug_info,True,claim_history_search,claim_history_search,True,0.9831709366255332,0.40810124440484397,0.9742938112368169,ensemble,True,False,pass
GPI and therapeutic class for claim 220133725669000 sequence 001.,drug_info,drug_info,True,claim_history_search,claim_history_search,True,0.9915137508438354,0.3623371583761683,0.9882391777495194,ensemble,True,False,pass
Drug status assigned by RxClaim for claim 220992183436835 sequence 002.,drug_info,drug_info,True,claim_history_search,claim_history_search,True,0.9973777327016674,0.432471711144082,0.9970427195973434,ensemble,True,False,pass
Medication tier information for claim 221172865083001 sequence 001.,drug_info,drug_info,True,claim_history_search,claim_history_search,True,0.9908612777109328,0.37063945156901384,0.9880079500055593,ensemble,True,False,pass
Drug configuration from claim 221663541811000 sequence 001.,drug_info,drug_info,True,claim_history_search,claim_history_search,True,0.9521397796672295,0.22652096761288848,0.9435378749725093,ensemble,True,False,pass
Formulary report for the drug on claim 221775171449000 sequence 003.,drug_info,drug_info,True,claim_history_search,claim_history_search,True,0.9974864080534321,0.4502047585922252,0.9968657024217028,ensemble,True,False,pass
Drug classification details for claim 222492018072002 sequence 001.,drug_info,drug_info,True,claim_history_search,claim_history_search,True,0.997897390845063,0.49155554610759694,0.9972356481845313,ensemble,True,False,pass
Medication status for claim 222492117457002 sequence 001.,drug_info,drug_info,True,claim_history_search,claim_history_search,True,0.9936099554103557,0.3642668779512294,0.9924958030419642,ensemble,True,False,pass
Drug tier and formulary placement for claim 230381673488000 sequence 001.,drug_info,drug_info,True,claim_history_search,claim_history_search,True,0.991512144347779,0.355254136928291,0.9892240583572552,ensemble,True,False,pass
Product name and product ID for claim 230624075311000 sequence 002.,rx_details,Manufacturer,False,cap_api,claim_history_search,False,0.2901364234225009,0.08269267996804586,0.0695829802769402,ensemble,False,False,disagreement
What medication was prescribed on claim 231181462825000 sequence 001?,prescriber_info,drug_info,False,cap_api,claim_history_search,False,0.9903723960820375,0.45144536928717605,0.9821473410079113,ensemble,True,False,pass
What DUR edits were triggered on claim 191406379285000 sequence 001?,drug_interaction_info,drug_interaction_info,True,claim_history_search,claim_history_search,True,0.9979979254592557,0.4730881317207099,0.9976719393487279,ensemble,True,False,pass
Drug utilization review details for claim 201503823714118 sequence 001.,drug_interaction_info,drug_interaction_info,True,claim_history_search,claim_history_search,True,0.9877964511423777,0.46678035485049546,0.9766946286106569,ensemble,True,False,pass
DUR outcomes for claim 221663541811000 sequence 001.,drug_interaction_info,drug_interaction_info,True,claim_history_search,claim_history_search,True,0.9020119605589048,0.38775500468400154,0.886760004195856,ensemble,False,False,disagreement
Were there any drug interaction alerts on claim 222492018072002 sequence 001?,compound_info,drug_interaction_info,False,claim_history_search,claim_history_search,True,0.9966100870967215,0.39526539296189733,0.9961238443435673,ensemble,True,False,pass
Which DUR edits applied to claim 222492117457002 sequence 001?,drug_interaction_info,drug_interaction_info,True,claim_history_search,claim_history_search,True,0.998747580876019,0.5431816512237524,0.9983412208642106,ensemble,True,False,pass
Drug interaction warnings for claim 240104527633005 sequence 001.,drug_interaction_info,drug_interaction_info,True,claim_history_search,claim_history_search,True,0.9954559377771602,0.3956758038370263,0.9944262082315642,ensemble,True,False,pass
DUR edit results for claim 241774768475148 sequence 003.,drug_interaction_info,drug_interaction_info,True,claim_history_search,claim_history_search,True,0.997708629572173,0.49711120933164776,0.996457623422683,ensemble,True,False,pass
Utilization review information for claim 243122443413000 sequence 001.,drug_interaction_info,drug_interaction_info,True,claim_history_search,claim_history_search,True,0.9769974832932745,0.3454353643886897,0.9598599035341783,ensemble,True,False,pass
DUR report for claim 251283241791195 sequence 001.,drug_interaction_info,drug_interaction_info,True,claim_history_search,claim_history_search,True,0.970120239338734,0.3468862558980444,0.9462486130351657,ensemble,True,False,pass
Drug interaction outcomes for claim 252045320000000 sequence 001.,drug_interaction_info,drug_interaction_info,True,claim_history_search,claim_history_search,True,0.9964481531576175,0.40739953844856536,0.9957159717816706,ensemble,True,False,pass
Clinical edits triggered on claim 252453396162000 sequence 001.,drug_interaction_info,drug_interaction_info,True,claim_history_search,claim_history_search,True,0.9773091872368616,0.26537888226145856,0.9700426589837046,ensemble,True,False,pass
DUR override details for claim 253361498968006 sequence 017.,drug_interaction_info,drug_interaction_info,True,claim_history_search,claim_history_search,True,0.9879420547650904,0.38528225560530466,0.9803542159870998,ensemble,True,False,pass
Utilization review results for claim 260054207073000 sequence 001.,drug_interaction_info,drug_interaction_info,True,claim_history_search,claim_history_search,True,0.9887405631489323,0.40528985413909957,0.9802415146338277,ensemble,True,False,pass
Interaction screening outcomes for claim 260682712742000 sequence 001.,drug_interaction_info,drug_interaction_info,True,claim_history_search,claim_history_search,True,0.993032989759165,0.3412862069109171,0.9917757812290711,ensemble,True,False,pass
DUR edit codes for claim 191406379285000 sequence 001.,drug_interaction_info,drug_interaction_info,True,claim_history_search,claim_history_search,True,0.9970693051098642,0.4260427050712229,0.9963138630031834,ensemble,True,False,pass
Drug utilization details for claim 201503823714118 sequence 001.,drug_interaction_info,drug_interaction_info,True,claim_history_search,claim_history_search,True,0.9598183538124113,0.262476366259611,0.9409362426968811,ensemble,True,False,pass
Interaction alert summary for claim 221663541811000 sequence 001.,drug_interaction_info,drug_interaction_info,True,claim_history_search,claim_history_search,True,0.9978645404450887,0.45581993969625284,0.9975596708499023,ensemble,True,False,pass
Clinical screening results for claim 222492018072002 sequence 001.,drug_interaction_info,drug_interaction_info,True,claim_history_search,claim_history_search,True,0.8424072997737939,0.197321252049953,0.806986199942293,ensemble,False,False,disagreement
DUR processing details for claim 222492117457002 sequence 001.,drug_interaction_info,drug_interaction_info,True,claim_history_search,claim_history_search,True,0.8612307100647496,0.3415699585838735,0.8077356078096081,ensemble,False,False,disagreement
Drug interaction report for claim 240104527633005 sequence 001.,drug_interaction_info,drug_interaction_info,True,claim_history_search,claim_history_search,True,0.9954282764846868,0.38622678881221634,0.9945138581147502,ensemble,True,False,pass
When was claim 130041467416065 sequence 001 filled?,fill_date_info,fill_date_info,True,claim_history_search,claim_history_search,True,0.9812273266255095,0.344667003701717,0.9721312249174853,ensemble,True,False,pass
Fill date for claim 132435151040074 sequence 001.,fill_date_info,fill_date_info,True,claim_history_search,claim_history_search,True,0.896499792893415,0.44064391516209767,0.8953007570818861,ensemble,True,True,pass
What is the date of service for claim 150692388845000 sequence 001?,fill_date_info,fill_date_info,True,claim_history_search,claim_history_search,True,0.8860411635422573,0.3085463377065245,0.8826910438282124,ensemble,True,True,pass
Dispense date for claim 160060096136030 sequence 001.,fill_date_info,fill_date_info,True,claim_history_search,claim_history_search,True,0.8957215827160998,0.40978567058295734,0.8945840409056518,ensemble,True,True,pass
When was the medication dispensed on claim 180571470939000 sequence 001?,fill_date_info,fill_date_info,True,claim_history_search,claim_history_search,True,0.8917124935676489,0.39609450938429125,0.8885815035175278,ensemble,True,True,pass
Date the prescription was filled for claim 191406379285000 sequence 001.,fill_date_info,fill_date_info,True,claim_history_search,claim_history_search,True,0.8990426197532595,0.5428169750492047,0.8987455386003217,ensemble,True,True,pass
Fill date details for claim 201503823714118 sequence 001.,fill_date_info,fill_date_info,True,claim_history_search,claim_history_search,True,0.888155371811335,0.3300547959395287,0.8843363208685373,ensemble,True,True,pass
Dispensing date for claim 201752592251000 sequence 001.,fill_date_info,fill_date_info,True,claim_history_search,claim_history_search,True,0.8920266753548415,0.35345624372033746,0.8895259792003106,ensemble,True,True,pass
Date of service for claim 201990819198000 sequence 001.,fill_date_info,fill_date_info,True,claim_history_search,claim_history_search,True,0.9926800659561061,0.3533149297185119,0.9916354968575787,ensemble,True,False,pass
Fill date information for claim 211263773300000 sequence 004.,fill_date_info,fill_date_info,True,claim_history_search,claim_history_search,True,0.8988154971932061,0.5149866818228831,0.8986640594281822,ensemble,True,True,pass
When did the pharmacy fill claim 220133725669000 sequence 001?,fill_date_info,fill_date_info,True,claim_history_search,claim_history_search,True,0.4998571883773312,0.1454069735973806,0.20808368954330805,ensemble,False,False,disagreement
Date the medication was picked up for claim 220992183436835 sequence 002.,fill_date_info,fill_date_info,True,claim_history_search,claim_history_search,True,0.8825389033390202,0.3139680412898177,0.875570236285424,ensemble,True,True,pass
Dispensing date for claim 221172865083001 sequence 001.,fill_date_info,fill_date_info,True,claim_history_search,claim_history_search,True,0.8920266753548415,0.3534562437203374,0.8895259792003106,ensemble,True,True,pass
Fill date and time for claim 221663541811000 sequence 001.,fill_date_info,fill_date_info,True,claim_history_search,claim_history_search,True,0.879354268189892,0.28287603795206395,0.8734683128821876,ensemble,True,True,pass
Service date for claim 221775171449000 sequence 003.,fill_date_info,fill_date_info,True,claim_history_search,claim_history_search,True,0.8928254346812315,0.35554716761770777,0.8913047022675762,ensemble,True,True,pass
When was claim 222492018072002 sequence 001 dispensed?,fill_date_info,fill_date_info,True,claim_history_search,claim_history_search,True,0.9479130270533945,0.24204127872606424,0.9299899118968264,ensemble,True,False,pass
Fill timestamp for claim 222492117457002 sequence 001.,fill_date_info,fill_date_info,True,claim_history_search,claim_history_search,True,0.8324993806320292,0.24483900719042276,0.7824311694331907,ensemble,True,True,pass
Prescription fill date for claim 230381673488000 sequence 001.,fill_date_info,fill_date_info,True,claim_history_search,claim_history_search,True,0.8979397734274469,0.4639609467743014,0.8974733896722212,ensemble,True,True,pass
Date of fill for claim 230624075311000 sequence 002.,fill_date_info,fill_date_info,True,claim_history_search,claim_history_search,True,0.9951129982179951,0.40564888445876607,0.9941629709188292,ensemble,True,False,pass
Claim 231181462825000 sequence 001: when was this filled?,fill_date_info,fill_date_info,True,claim_history_search,claim_history_search,True,0.8851947979287387,0.3239467772822649,0.8819459461896806,ensemble,True,True,pass
Are there generic alternatives for the drug on claim 130041467416065 sequence 001?,generic_availability,generic_availability,True,cap_api,cap_api,True,0.8990710432710373,0.6884397642674728,0.8984976208408946,ensemble,True,True,pass
Generic substitutes available for claim 132435151040074 sequence 001.,generic_availability,generic_availability,True,cap_api,cap_api,True,0.8956428143295395,0.6418819461806382,0.8930516748216878,ensemble,True,True,pass
What generic options exist for claim 160060096136030 sequence 001?,generic_availability,generic_availability,True,cap_api,cap_api,True,0.8780301676169286,0.2763773759913157,0.8718111487597788,ensemble,True,True,pass
Alternative medications for claim 180571470939000 sequence 001.,generic_availability,generic_availability,True,cap_api,cap_api,True,0.9962188120691643,0.4012250281475712,0.9956138526470866,ensemble,True,False,pass
What generic drugs are available for claim 191406379285000 sequence 001?,generic_availability,generic_availability,True,cap_api,cap_api,True,0.8619183188525845,0.37009819706424146,0.8277661798927357,ensemble,True,True,pass
Therapeutic alternatives for claim 201503823714118 sequence 001.,generic_availability,generic_availability,True,cap_api,cap_api,True,0.9950796146218303,0.36484975398602254,0.9943926889683891,ensemble,True,False,pass
Substitute drug list for claim 201752592251000 sequence 001.,generic_availability,generic_availability,True,cap_api,cap_api,True,0.8967955034580073,0.44705692370705397,0.8955209264366727,ensemble,True,True,pass
Generic availability information for claim 201990819198000 sequence 001.,generic_availability,generic_availability,True,cap_api,cap_api,True,0.899603335579658,0.6715895279040487,0.8993838639561306,ensemble,True,True,pass
Alternative medication options for claim 211263773300000 sequence 004.,generic_availability,generic_availability,True,cap_api,cap_api,True,0.9955709242442955,0.38688902005377795,0.9947356713647046,ensemble,True,False,pass
Formulary alternatives for the drug on claim 220133725669000 sequence 001.,generic_availability,generic_availability,True,cap_api,cap_api,True,0.9993876892252601,0.6020167287722671,0.9991154582857175,ensemble,True,False,pass
Generic substitutes for claim 220992183436835 sequence 002.,generic_availability,generic_availability,True,cap_api,cap_api,True,0.8997859502512632,0.7034161534216921,0.8996994910183,ensemble,True,True,pass
Cheaper drug options for claim 221172865083001 sequence 001.,generic_availability,generic_availability,True,cap_api,cap_api,True,0.9916076815606585,0.34571754318142206,0.9901265795980465,ensemble,True,False,pass
Available generic medications for claim 221663541811000 sequence 001.,generic_availability,generic_availability,True,cap_api,cap_api,True,0.8900249954600771,0.4194046516002754,0.8821441718391346,ensemble,True,True,pass
Therapeutic equivalent drugs for claim 222492018072002 sequence 001.,generic_availability,generic_availability,True,cap_api,cap_api,True,0.8943193733760475,0.4263874086797415,0.891481263641325,ensemble,True,True,pass
Substitute options for claim 222492117457002 sequence 001.,generic_availability,generic_availability,True,cap_api,cap_api,True,0.8934431689238788,0.37340394941449784,0.8905100157019696,ensemble,True,True,pass
Generic alternative details for claim 230381673488000 sequence 001.,generic_availability,generic_availability,True,cap_api,cap_api,True,0.8997649817775548,0.7323859737155795,0.8996568261799451,ensemble,True,True,pass
Formulary-approved alternatives for claim 231181462825000 sequence 001.,generic_availability,generic_availability,True,cap_api,cap_api,True,0.9942495418706219,0.3786211575042719,0.9918880290288037,ensemble,True,False,pass
Generic medication options for claim 231515053947011 sequence 001.,generic_availability,generic_availability,True,cap_api,cap_api,True,0.8986877201797372,0.5632931358549342,0.8978246092477594,ensemble,True,True,pass
Substitute drug information for claim 231865207544000 sequence 001.,generic_availability,generic_availability,True,cap_api,cap_api,True,0.8995281463990267,0.6413284367791602,0.8992944627242987,ensemble,True,True,pass
Hello,greeting,greeting,True,general,general,True,0.8999594011588293,0.8212331479434496,0.8999312278092457,ensemble,True,True,pass
Hi there,greeting,greeting,True,general,general,True,0.8999470622014242,0.7922469534472265,0.8999174891799752,ensemble,True,True,pass
Good morning,greeting,greeting,True,general,general,True,0.8999401456488608,0.7826215162167758,0.8999083115301898,ensemble,True,True,pass
Good afternoon,greeting,greeting,True,general,general,True,0.8999619758763585,0.7954246560175148,0.8999482787242075,ensemble,True,True,pass
Good evening,greeting,greeting,True,general,general,True,0.8999449589126047,0.7886766917198369,0.8999149644225802,ensemble,True,True,pass
Hey,greeting,greeting,True,general,general,True,0.8999001699076594,0.7550553566288947,0.8998399855298432,ensemble,True,True,pass
Greetings,greeting,greeting,True,general,general,True,0.8999150767355548,0.7380640061202477,0.8998849158385074,ensemble,True,True,pass
Hi,greeting,greeting,True,general,general,True,0.8992903028969023,0.624640926581799,0.8987715814627062,ensemble,True,True,pass
Welcome,greeting,greeting,True,general,general,True,0.8994112065343176,0.7088538343707269,0.8988756486983699,ensemble,True,True,pass
Hello there,greeting,greeting,True,general,general,True,0.8999714441421798,0.831519786140124,0.899954007450144,ensemble,True,True,pass
Good day,greeting,greeting,True,general,general,True,0.8998796340564077,0.7696691632790529,0.8997916872442627,ensemble,True,True,pass
Howdy,greeting,greeting,True,general,general,True,0.8999022609904028,0.7357644623264235,0.8998514223698124,ensemble,True,True,pass
Hey there,greeting,greeting,True,general,general,True,0.8999779808184368,0.8260547043637426,0.8999693008908997,ensemble,True,True,pass
What's up,out_of_scope,greeting,False,general,general,True,0.899608438797167,0.6734136813596459,0.8993250321797815,ensemble,True,True,pass
Morning,greeting,greeting,True,general,general,True,0.8999116699075388,0.7593032947925795,0.8998646679796778,ensemble,True,True,pass
Afternoon,greeting,greeting,True,general,general,True,0.8999279976224339,0.7635943362703603,0.8998950114356837,ensemble,True,True,pass
Evening,greeting,greeting,True,general,general,True,0.8999189582568473,0.7613793378940185,0.8998741478638373,ensemble,True,True,pass
Hiya,greeting,greeting,True,general,general,True,0.8998501955379141,0.728451364384807,0.8997560185538457,ensemble,True,True,pass
"Hello, how are you?",greeting,greeting,True,general,general,True,0.8998491127847172,0.708424718972741,0.8997733372872938,ensemble,True,True,pass
"Hi, good to see you",greeting,greeting,True,general,general,True,0.8999069266949646,0.7510575260187868,0.8998550521692055,ensemble,True,True,pass
How do I submit a claim correctly for claim 130041467416065 sequence 001?,help,help,True,general,general,True,0.9999464399013296,0.767075089915412,0.9999400724617855,ensemble,True,False,pass
Steps to avoid claim rejection for claim 132435151040074 sequence 001.,rejection_reasons,rejection_reasons,True,cap_api,cap_api,True,0.8991007199640388,0.7021936196299536,0.8982647658482976,ensemble,True,True,pass
Guidance on filing claims like claim 160060096136030 sequence 001.,help,help,True,general,general,True,0.9991721947774719,0.5422844444032902,0.9990197300507085,ensemble,True,False,pass
Guidelines for avoiding rejections for claim 201990819198000 sequence 001.,rejection_reasons,rejection_reasons,True,cap_api,cap_api,True,0.8992703414628087,0.6999635367931136,0.8986156407185554,ensemble,True,True,pass
Best practices for claim submission for claim 211263773300000 sequence 004.,help,help,True,general,general,True,0.8994071382441698,0.635244494779203,0.8990382674376245,ensemble,True,True,pass
Claim submission help for 221663541811000 sequence 001.,help,help,True,general,general,True,0.9999194161083416,0.7408629372724074,0.9999078456449741,ensemble,True,False,pass
Instructions to prevent denials for claim 221775171449000 sequence 003.,rejection_reasons,rejection_reasons,True,cap_api,cap_api,True,0.8989738019248825,0.6595910286877165,0.8980647971831378,ensemble,True,True,pass
Help for proper claim filing for claim 230624075311000 sequence 002.,help,help,True,general,general,True,0.9982953493103661,0.5201286561321752,0.9978995459957795,ensemble,True,False,pass
Part D summary for claim 201752592251000 sequence 001.,claim_status,medicare_part_d,False,cap_api,cap_api,True,0.9923222926415942,0.4213379454220627,0.9880129970359578,ensemble,True,False,pass
MEDD pricing summary for claim 221663541811000 sequence 001.,pricing_info,medicare_part_d,False,cap_api,cap_api,True,0.897584124947685,0.5346831088392973,0.895865810224097,ensemble,True,True,pass
Part D pricing breakdown for claim 230624075311000 sequence 002.,pricing_info,medicare_part_d,False,cap_api,cap_api,True,0.8229923877862142,0.5175572758246936,0.8195840527131237,ensemble,False,True,disagreement
All claim records in the system for claim 150692388845000 sequence 001.,multi_claim_summary,multi_claim_summary,True,cap_api,cap_api,True,0.9679855385414521,0.2931855588956519,0.9538191905246541,ensemble,True,False,pass
All claim records for claim 222492018072002 sequence 001.,claim_status,claim_status,True,cap_api,cap_api,True,0.5513490417198693,0.18325689300763656,0.44896216287052687,ensemble,False,True,disagreement
What is the weather today?,out_of_scope,out_of_scope,True,general,general,True,0.8999348229417542,0.7812853593549433,0.8999001800326397,ensemble,True,True,pass
Tell me a joke.,out_of_scope,out_of_scope,True,general,general,True,0.8997812353697514,0.7081402281883475,0.8996394062762539,ensemble,True,True,pass
Who won the Super Bowl?,out_of_scope,out_of_scope,True,general,general,True,0.999891218746421,0.7032991986087535,0.9998773989604257,ensemble,True,False,pass
What is the capital of France?,out_of_scope,out_of_scope,True,general,general,True,0.9999337384177546,0.7621905613550086,0.9999193192986517,ensemble,True,False,pass
What time is it?,out_of_scope,out_of_scope,True,general,general,True,0.8483192782952534,0.23954167544000704,0.8146276472505529,ensemble,True,True,pass
Who is the president?,out_of_scope,out_of_scope,True,general,general,True,0.2754343936374712,0.07560310892565218,0.10426821498500673,ensemble,False,True,disagreement
What movies are playing?,out_of_scope,out_of_scope,True,general,general,True,0.8950744294963965,0.3894108608420402,0.8925918079445581,ensemble,True,True,pass
How do I fix my car?,out_of_scope,out_of_scope,True,general,general,True,0.6251010909479298,0.18313612419116482,0.35902885571011167,ensemble,False,False,disagreement
What is the stock price of Apple?,out_of_scope,out_of_scope,True,general,general,True,0.9953057356440181,0.42613191257742355,0.9926995389026028,ensemble,True,False,pass
Tell me about history.,out_of_scope,out_of_scope,True,general,general,True,0.7782812252514626,0.1700796746303067,0.7220755784583813,ensemble,False,False,disagreement
What are good restaurants nearby?,out_of_scope,out_of_scope,True,general,general,True,0.8989789478612056,0.5103446742265028,0.8987202305884564,ensemble,True,True,pass
What is the meaning of life?,out_of_scope,out_of_scope,True,general,general,True,0.9998809111199638,0.6902197545617409,0.9998656785665692,ensemble,True,False,pass
Show me sports scores.,out_of_scope,out_of_scope,True,general,general,True,0.9822700218202255,0.2650375756643971,0.9799792125017466,ensemble,True,False,pass
What is machine learning?,out_of_scope,out_of_scope,True,general,general,True,0.9826733320189687,0.279826551166474,0.9804442300996383,ensemble,True,False,pass
How do I learn Python?,out_of_scope,out_of_scope,True,general,general,True,0.991246981557338,0.3526046319241525,0.9882872514075508,ensemble,True,False,pass
What books should I read?,out_of_scope,out_of_scope,True,general,general,True,0.9865552712290978,0.29661871094670056,0.9824614243041994,ensemble,True,False,pass
What is the best vacation spot?,out_of_scope,out_of_scope,True,general,general,True,0.8937141706533167,0.36204508796160334,0.8918146015408709,ensemble,True,True,pass
How do I change a tire?,reversal_info,out_of_scope,False,cap_api,general,False,0.9532830903582291,0.22760575866813143,0.9358506334918981,ensemble,True,False,pass
Which pharmacy dispensed claim 130041467416065 sequence 001?,pharmacy_info,pharmacy_info,True,cap_api,cap_api,True,0.8997454419527011,0.6930376072260187,0.8996667724020485,ensemble,True,True,pass
Pharmacy details for claim 132435151040074 sequence 001.,pharmacy_info,pharmacy_info,True,cap_api,cap_api,True,0.8998294139015871,0.7492496155551028,0.8997542386109335,ensemble,True,True,pass
Where was the prescription filled for claim 150692388845000 sequence 001?,pharmacy_info,pharmacy_info,True,cap_api,cap_api,True,0.8989160689962061,0.5345199512312334,0.8987006264347346,ensemble,True,True,pass
Dispensing pharmacy for claim 160060096136030 sequence 001.,pharmacy_info,pharmacy_info,True,cap_api,cap_api,True,0.893377864354406,0.37244622994759535,0.8915247784421738,ensemble,True,True,pass
Pharmacy location information for claim 191406379285000 sequence 001.,pharmacy_info,pharmacy_info,True,cap_api,cap_api,True,0.8998397114486105,0.7067523565980836,0.8997901331031396,ensemble,True,True,pass
Dispensing pharmacy details for claim 201503823714118 sequence 001.,pharmacy_info,pharmacy_info,True,cap_api,cap_api,True,0.8993694527164322,0.6319911311763085,0.8990131340894818,ensemble,True,True,pass
Store location where claim 201752592251000 sequence 001 was filled.,pharmacy_info,pharmacy_info,True,cap_api,cap_api,True,0.8984033466247913,0.5833090230612294,0.8974743365230199,ensemble,True,True,pass
Pharmacy name and address for claim 201990819198000 sequence 001.,pharmacy_info,pharmacy_info,True,cap_api,cap_api,True,0.8987077224763941,0.546074551962558,0.8980033544847291,ensemble,True,True,pass
Dispensing location for claim 211263773300000 sequence 004.,pharmacy_info,pharmacy_info,True,cap_api,cap_api,True,0.8986439687243802,0.4794467033553018,0.8984575524722661,ensemble,True,True,pass
Where did the member get this prescription? Claim 220133725669000 sequence 001.,pharmacy_info,pharmacy_info,True,cap_api,cap_api,True,0.2927463419974148,0.08547519498852024,0.14196405238949925,ensemble,False,False,disagreement
Dispensing pharmacy location for claim 221172865083001 sequence 001.,pharmacy_info,pharmacy_info,True,cap_api,cap_api,True,0.8996597115040003,0.6476069677352044,0.8995187541480447,ensemble,True,True,pass
Store information for claim 221663541811000 sequence 001.,pharmacy_info,pharmacy_info,True,cap_api,cap_api,True,0.7021196831747255,0.16928216562816295,0.5551230234864213,ensemble,False,False,disagreement
Pharmacy report for claim 221775171449000 sequence 003.,pharmacy_info,pharmacy_info,True,cap_api,cap_api,True,0.9557272871738955,0.25540539245888033,0.9434367328364516,ensemble,True,False,pass
Where was the medication dispensed for claim 222492018072002 sequence 001?,pharmacy_info,pharmacy_info,True,cap_api,cap_api,True,0.9991451338984665,0.5441701043063472,0.9990208080048726,ensemble,True,False,pass
Pharmacy details for claim 222492117457002 sequence 001.,pharmacy_info,pharmacy_info,True,cap_api,cap_api,True,0.8998294139015871,0.7492496155551028,0.8997542386109335,ensemble,True,True,pass
Filling pharmacy information for claim 230381673488000 sequence 001.,pharmacy_info,pharmacy_info,True,cap_api,cap_api,True,0.923783443211169,0.2738595372925871,0.8683343625611369,ensemble,True,False,pass
Pharmacy city and state for claim 230624075311000 sequence 002.,pharmacy_info,pharmacy_info,True,cap_api,cap_api,True,0.8913130218128935,0.4185442785745777,0.8855214712978885,ensemble,True,True,pass
Which pharmacy filled claim 231181462825000 sequence 001?,pharmacy_info,pharmacy_info,True,cap_api,cap_api,True,0.888086212421393,0.39395102992057784,0.88371096565194,ensemble,True,True,pass
Who prescribed the medication on claim 130041467416065 sequence 001?,prescriber_info,prescriber_info,True,cap_api,cap_api,True,0.9999163327702847,0.7723494223814479,0.9998903103517002,ensemble,True,False,pass
Prescriber details for claim 132435151040074 sequence 001.,prescriber_info,prescriber_info,True,cap_api,cap_api,True,0.8999732008036443,0.8331854292156179,0.8999609673550315,ensemble,True,True,pass
Physician information for claim 150692388845000 sequence 001.,prescriber_info,prescriber_info,True,cap_api,cap_api,True,0.89990540820127,0.7398257345093275,0.899873586515534,ensemble,True,True,pass
Doctor's name for claim 160060096136030 sequence 001.,prescriber_info,prescriber_info,True,cap_api,cap_api,True,0.8998141624415248,0.6759866809805393,0.8997671307984987,ensemble,True,True,pass
Which physician wrote the prescription for claim 180571470939000 sequence 001?,prescriber_info,prescriber_info,True,cap_api,cap_api,True,0.8998511571950313,0.7092614543868935,0.8998142991272059,ensemble,True,True,pass
Prescriber NPI for claim 191406379285000 sequence 001.,prescriber_info,prescriber_info,True,cap_api,cap_api,True,0.8998663921529556,0.7034308649843961,0.8998162140509717,ensemble,True,True,pass
Prescriber information for claim 201752592251000 sequence 001.,prescriber_info,prescriber_info,True,cap_api,cap_api,True,0.8989115571583054,0.5473427566389985,0.898482793379864,ensemble,True,True,pass
Physician report for claim 201990819198000 sequence 001.,prescriber_info,prescriber_info,True,cap_api,cap_api,True,0.8914432654525515,0.3442095491632787,0.888412737395182,ensemble,True,True,pass
Prescriber's name and credentials for claim 220133725669000 sequence 001.,prescriber_info,prescriber_info,True,cap_api,cap_api,True,0.8996749307935872,0.6541247480652284,0.8995405429578851,ensemble,True,True,pass
Who ordered the medication on claim 221172865083001 sequence 001?,prescriber_info,prescriber_info,True,cap_api,cap_api,True,0.9997304909614855,0.6513329285063532,0.9996829681658285,ensemble,True,False,pass
Prescribing physician information for claim 221663541811000 sequence 001.,prescriber_info,prescriber_info,True,cap_api,cap_api,True,0.899967096644022,0.8089704961302168,0.8999560908072598,ensemble,True,True,pass
Prescriber NPI and name for claim 221775171449000 sequence 003.,prescriber_info,prescriber_info,True,cap_api,cap_api,True,0.899894155076056,0.7308570449401003,0.8998587589625137,ensemble,True,True,pass
Doctor's details for claim 222492018072002 sequence 001.,prescriber_info,prescriber_info,True,cap_api,cap_api,True,0.8991703082270915,0.559023837594813,0.8988491953716712,ensemble,True,True,pass
Prescribing physician for claim 230381673488000 sequence 001.,prescriber_info,prescriber_info,True,cap_api,cap_api,True,0.8995852274774935,0.6273858311008446,0.8993833072841809,ensemble,True,True,pass
Ordering provider information for claim 230624075311000 sequence 002.,prescriber_info,prescriber_info,True,cap_api,cap_api,True,0.9997246197767307,0.6348849162882884,0.9996990044548983,ensemble,True,False,pass
Prescriber name for claim 231181462825000 sequence 001.,prescriber_info,prescriber_info,True,cap_api,cap_api,True,0.8996900676992223,0.6391237686448472,0.8996302862314569,ensemble,True,True,pass
Pricing breakdown for claim 240060164045000 sequence 001.,pricing_info,pricing_info,True,cap_api,cap_api,True,0.8992301166135827,0.5902759538182519,0.899022407454183,ensemble,True,True,pass
Copay calculation for claim 242831738080166 sequence 001.,pricing_info,pricing_info,True,cap_api,cap_api,True,0.992229702114839,0.5367904484413978,0.9867389742695553,ensemble,True,False,pass
Ingredient cost and fees for claim 252460261210000 sequence 001.,pricing_info,pricing_info,True,cap_api,cap_api,True,0.8996487183062928,0.7190081226293352,0.8994273036677649,ensemble,True,True,pass
Pricing schedule used for claim 252621948076000 sequence 001.,pricing_info,pricing_info,True,cap_api,cap_api,True,0.8921164965818527,0.3902216279414136,0.8877283911340276,ensemble,True,True,pass
Patient pay details for claim 240051073172000 sequence 001.,pricing_info,pricing_info,True,cap_api,cap_api,True,0.969402906205271,0.30764233371266264,0.9475246692931607,ensemble,True,False,pass
Final out-of-pocket amount for claim 240060164045000 sequence 001.,pricing_info,pricing_info,True,cap_api,cap_api,True,0.889382793428947,0.3659880400196961,0.8853434626094487,ensemble,True,True,pass
All pricing components for claim 242831738080166 sequence 001.,pricing_info,pricing_info,True,cap_api,cap_api,True,0.8960290033636445,0.4729814563205123,0.893698232554883,ensemble,True,True,pass
Co-pay modifier impact on claim 252460261210000 sequence 001.,pricing_info,pricing_info,True,cap_api,cap_api,True,0.6350233287557935,0.22235793731119546,0.36811440196382933,ensemble,False,False,disagreement
Pricing summary for claim 240051073172000 sequence 001.,pricing_info,pricing_info,True,cap_api,cap_api,True,0.8988588385308481,0.5577772087252609,0.8985207887070521,ensemble,True,True,pass
Cost of claim 240060164045000 sequence 001.,pricing_info,pricing_info,True,cap_api,cap_api,True,0.8895762136440378,0.3752543972020056,0.8842873462691333,ensemble,True,True,pass
How much was paid on claim 242831738080166 sequence 001?,reimbursement_info,reimbursement_info,True,cap_api,cap_api,True,0.9948863579240391,0.4568664424469213,0.9924203875729785,ensemble,True,False,pass
Pricing details for claim 252460261210000 sequence 001.,pricing_info,pricing_info,True,cap_api,cap_api,True,0.9979557852854575,0.4877361897351813,0.9974652924086103,ensemble,True,False,pass
Final copay amount for claim 240051073172000 sequence 001.,pricing_info,pricing_info,True,cap_api,cap_api,True,0.8962509581723357,0.4309946059092512,0.8766300119053464,ensemble,False,False,disagreement
Pricing information for claim 240060164045000 sequence 001.,pricing_info,pricing_info,True,cap_api,cap_api,True,0.9983478864701942,0.5199240907202038,0.9979333388695821,ensemble,True,False,pass
Approved ingredient cost for claim 242831738080166 sequence 001.,pricing_info,pricing_info,True,cap_api,cap_api,True,0.6385066350698859,0.2512441164482666,0.46369487491763073,ensemble,False,True,disagreement
PA summary for claim 251271743818195 sequence 001.,claim_status,prior_auth_info,False,cap_api,cap_api,True,0.24950368203612378,0.1340204579793354,0.003730248249138753,ensemble,False,True,disagreement
PA approval details for claim 253603736282009 sequence 001.,approval_info,approval_info,True,benefits_api,benefits_api,True,0.89947719570187,0.690053022731117,0.8990878323048666,ensemble,True,True,pass
PA type and approval for claim 201990819198000 sequence 001.,approval_info,approval_info,True,benefits_api,benefits_api,True,0.8998411194854063,0.7222819182193729,0.8997887093530758,ensemble,True,True,pass
Authorization details for claim 220133725669000 sequence 001.,approval_info,approval_info,True,benefits_api,benefits_api,True,0.8997330857701793,0.6791474586154108,0.8995849696005126,ensemble,True,True,pass
Reimbursement details for claim 130041467416065 sequence 001.,reimbursement_info,reimbursement_info,True,cap_api,cap_api,True,0.9984186461139377,0.5220132370449013,0.9979488494782682,ensemble,True,False,pass
What was reimbursed on claim 132435151040074 sequence 001?,reimbursement_info,reimbursement_info,True,cap_api,cap_api,True,0.9966970915759135,0.4417031839404677,0.9961681786026892,ensemble,True,False,pass
Payment information for claim 150692388845000 sequence 001.,reimbursement_info,reimbursement_info,True,cap_api,cap_api,True,0.9883472499069231,0.3635608506513842,0.9826427436637175,ensemble,True,False,pass
Reimbursement amount for claim 160060096136030 sequence 001.,reimbursement_info,reimbursement_info,True,cap_api,cap_api,True,0.9984345652657801,0.5250637596003538,0.9978032247422565,ensemble,True,False,pass
What was paid on claim 180571470939000 sequence 001?,reimbursement_info,reimbursement_info,True,cap_api,cap_api,True,0.9940063065070069,0.44830560398398916,0.9911693704489553,ensemble,True,False,pass
Reimbursement breakdown for claim 191406379285000 sequence 001.,reimbursement_info,reimbursement_info,True,cap_api,cap_api,True,0.9958712439066107,0.4404054688303676,0.9942180099491054,ensemble,True,False,pass
Payment details for claim 201503823714118 sequence 001.,reimbursement_info,reimbursement_info,True,cap_api,cap_api,True,0.9889595825086523,0.3832143267019817,0.9827938134921783,ensemble,True,False,pass
Payment summary for claim 201990819198000 sequence 001.,reimbursement_info,reimbursement_info,True,cap_api,cap_api,True,0.9870802664892714,0.3880622089597152,0.9818479465185925,ensemble,True,False,pass
Reimbursed amount for claim 211263773300000 sequence 004.,reimbursement_info,reimbursement_info,True,cap_api,cap_api,True,0.9975549866002638,0.4747842483418302,0.9969207895024316,ensemble,True,False,pass
Payment calculation for claim 220133725669000 sequence 001.,reimbursement_info,reimbursement_info,True,cap_api,cap_api,True,0.9850315518564619,0.3904103600603344,0.9736741564494367,ensemble,True,False,pass
Reimbursement rationale for claim 220992183436835 sequence 002.,reimbursement_info,reimbursement_info,True,cap_api,cap_api,True,0.9973375728626457,0.4603429911298137,0.9963027359529397,ensemble,True,False,pass
Why was this amount reimbursed on claim 221172865083001 sequence 001?,reimbursement_info,reimbursement_info,True,cap_api,cap_api,True,0.997677396298781,0.461970558967181,0.9971990859223491,ensemble,True,False,pass
Payment details for paper claim 221663541811000 sequence 001.,reimbursement_info,reimbursement_info,True,cap_api,cap_api,True,0.9913352347005501,0.39570757228129066,0.9867221689748187,ensemble,True,False,pass
Reimbursement report for claim 221775171449000 sequence 003.,reimbursement_info,reimbursement_info,True,cap_api,cap_api,True,0.9868324135197382,0.34513146260967154,0.9793513013026927,ensemble,True,False,pass
Payment information for claim 222492018072002 sequence 001.,reimbursement_info,reimbursement_info,True,cap_api,cap_api,True,0.9883472499069231,0.3635608506513842,0.9826427436637175,ensemble,True,False,pass
Reimbursement summary for claim 222492117457002 sequence 001.,approval_info,reimbursement_info,False,benefits_api,cap_api,False,0.9956648148766462,0.4528098086033999,0.9946537442755651,ensemble,True,False,pass
What was the pharmacy paid for claim 230381673488000 sequence 001?,reimbursement_info,reimbursement_info,True,cap_api,cap_api,True,0.991958225543548,0.42582290085675567,0.9882413638935464,ensemble,True,False,pass
Reimbursement calculation for claim 230624075311000 sequence 002.,reimbursement_info,reimbursement_info,True,cap_api,cap_api,True,0.9968898005444622,0.44100547610030366,0.9962729739905487,ensemble,True,False,pass
Payment breakdown for claim 231181462825000 sequence 001.,reimbursement_info,reimbursement_info,True,cap_api,cap_api,True,0.8791998095212934,0.3395571013752676,0.8463069151545312,ensemble,False,False,disagreement
Why was claim 130041467416065 sequence 001 rejected?,rejection_reasons,rejection_reasons,True,cap_api,cap_api,True,0.9995856463888032,0.6852383014507921,0.9993911490815837,ensemble,True,False,pass
Rejection reasons for claim 150692388845000 sequence 001.,rejection_reasons,rejection_reasons,True,cap_api,cap_api,True,0.9995610956873473,0.6951009016631944,0.9992945451139379,ensemble,True,False,pass
What edits caused claim 160060096136030 sequence 001 to reject?,rejection_reasons,rejection_reasons,True,cap_api,cap_api,True,0.9977284063460193,0.4911342192919307,0.9970780216584638,ensemble,True,False,pass
Rejection details for claim 191406379285000 sequence 001.,rejection_reasons,rejection_reasons,True,cap_api,cap_api,True,0.9963576841480957,0.6469112976083179,0.9928988726198409,ensemble,True,False,pass
List of rejection codes for claim 221775171449000 sequence 003.,rejection_reasons,rejection_reasons,True,cap_api,cap_api,True,0.7068854613719087,0.40255247438197134,0.49443216216611774,ensemble,False,False,disagreement
Why was claim 230381673488000 sequence 001 denied?,rejection_reasons,rejection_reasons,True,cap_api,cap_api,True,0.9995595532156022,0.6472567921108923,0.9994366310012222,ensemble,True,False,pass
Rejection explanation for claim 241770599260003 sequence 001.,rejection_reasons,rejection_reasons,True,cap_api,cap_api,True,0.999546496728078,0.6901404660446602,0.9992096266986042,ensemble,True,False,pass
Failed edits for claim 241771076695002 sequence 001.,rejection_reasons,rejection_reasons,True,cap_api,cap_api,True,0.9952348912960552,0.4282210444949012,0.9938210461765573,ensemble,True,False,pass
Reason codes for the rejection of claim 242005504278000 sequence 001.,rejection_reasons,rejection_reasons,True,cap_api,cap_api,True,0.981811706837477,0.5114476941023199,0.9650239850452873,ensemble,True,False,pass
Rejection rationale for claim 242055403386000 sequence 001.,rejection_reasons,rejection_reasons,True,cap_api,cap_api,True,0.9994956886213233,0.6738827326954934,0.9991830813549255,ensemble,True,False,pass
Specific edits that led to rejection of claim 242772404022000 sequence 003.,rejection_reasons,rejection_reasons,True,cap_api,cap_api,True,0.9974285080360125,0.4675588675878794,0.9966418998671369,ensemble,True,False,pass
Denial reasons for claim 243102333796000 sequence 003.,rejection_reasons,rejection_reasons,True,cap_api,cap_api,True,0.9996557683001593,0.6677651620030075,0.9995620245560392,ensemble,True,False,pass
Claim 243122443413000 sequence 001 rejection breakdown.,rejection_reasons,rejection_reasons,True,cap_api,cap_api,True,0.9956109348676752,0.5173536424605791,0.9926574757762922,ensemble,True,False,pass
Which edits triggered the rejection for claim 251283249876195 sequence 001?,rejection_reasons,rejection_reasons,True,cap_api,cap_api,True,0.9975862875301579,0.4781470796947752,0.9968187111606912,ensemble,True,False,pass
Details on why claim 252611736720000 sequence 002 was not accepted.,rejection_reasons,rejection_reasons,True,cap_api,cap_api,True,0.9984587058754537,0.5451418976842168,0.9979147932702297,ensemble,True,False,pass
Rejection information for claim 252964403388000 sequence 001.,rejection_reasons,rejection_reasons,True,cap_api,cap_api,True,0.9902486358182864,0.5635066732946812,0.980960283050592,ensemble,True,False,pass
Failed edit codes for claim 252965483598001 sequence 001.,rejection_reasons,rejection_reasons,True,cap_api,cap_api,True,0.8809032223979278,0.2600610263110207,0.8621070023059563,ensemble,False,False,disagreement
Summary of rejection reasons for claim 130041467416065 sequence 001.,rejection_reasons,rejection_reasons,True,cap_api,cap_api,True,0.9982446969982209,0.6170523223556013,0.9968259452651625,ensemble,True,False,pass
What can be done to fix rejected claim 150692388845000 sequence 001?,rejection_reasons,rejection_reasons,True,cap_api,cap_api,True,0.897986847272823,0.5526674008185979,0.8969467589003303,ensemble,True,True,pass
How to resolve rejected claim 160060096136030 sequence 001?,rejection_reasons,rejection_reasons,True,cap_api,cap_api,True,0.8990477587757474,0.6236022890014649,0.8987232834546982,ensemble,True,True,pass
Was claim 231181462825000 sequence 001 reversed?,claim_status,reversal_info,False,cap_api,cap_api,True,0.8998387581647582,0.6929223344379545,0.8998085068587376,ensemble,True,True,pass
Reversal details for claim 240060164045000 sequence 001.,reversal_info,reversal_info,True,cap_api,cap_api,True,0.9996180105967476,0.6212803250146323,0.9995364381729419,ensemble,True,False,pass
Adjustments made to claim 242831720377166 sequence 002.,reversal_info,reversal_info,True,cap_api,cap_api,True,0.9932004700773908,0.39559668340046195,0.9896293656998136,ensemble,True,False,pass
R&R information for claim 242905816136000 sequence 001.,reversal_info,reversal_info,True,cap_api,cap_api,True,0.9998646331851063,0.7015672360471636,0.9998427965325319,ensemble,True,False,pass
Manual adjustment details for claim 251838615925008 sequence 001.,reversal_info,reversal_info,True,cap_api,cap_api,True,0.970542697816672,0.3164049174634542,0.9581773822117744,ensemble,True,False,pass
Is claim 253136857840000 sequence 001 a reversal?,reversal_info,reversal_info,True,cap_api,cap_api,True,0.8968253085944597,0.4267829620159439,0.8962170093275064,ensemble,True,True,pass
Reversal and resubmission details for claim 253361498968006 sequence 017.,reversal_info,reversal_info,True,cap_api,cap_api,True,0.8985413861584691,0.50781867787306,0.8981208234763491,ensemble,True,True,pass
Adjustment information for claim 253491357048008 sequence 001.,reversal_info,reversal_info,True,cap_api,cap_api,True,0.9899855578725957,0.38875424933086533,0.984958496888195,ensemble,True,False,pass
R&R report for claim 253603736282009 sequence 001.,reversal_info,reversal_info,True,cap_api,cap_api,True,0.9998519462167988,0.6953050820689743,0.9998293669507227,ensemble,True,False,pass
Claim modifications for claim 260021649904000 sequence 005.,reversal_info,reversal_info,True,cap_api,cap_api,True,0.9994435560326244,0.6827849951766916,0.998998417863138,ensemble,True,False,pass
Reversal status for claim 260054207073000 sequence 001.,reversal_info,reversal_info,True,cap_api,cap_api,True,0.8973047194918035,0.5479356962660721,0.8953720742931703,ensemble,True,True,pass
Adjustment details for claim 260061828565000 sequence 001.,reversal_info,reversal_info,True,cap_api,cap_api,True,0.9794922965566214,0.3679228365590884,0.9685817819817708,ensemble,True,False,pass
Manual changes on claim 231181462825000 sequence 001.,audit_info,audit_info,True,benefits_api,benefits_api,True,0.5711540151691407,0.18781732560396752,0.24607502747993512,ensemble,False,False,disagreement
Reversal information for claim 240060164045000 sequence 001.,reversal_info,reversal_info,True,cap_api,cap_api,True,0.8996673023137233,0.6225279202184562,0.8996149697469672,ensemble,True,True,pass
Modification details for claim 242831720377166 sequence 002.,audit_info,audit_info,True,benefits_api,benefits_api,True,0.5977984259040054,0.3296245262029953,0.27729341109108513,ensemble,False,False,disagreement
R&R status for claim 242905816136000 sequence 001.,reversal_info,reversal_info,True,cap_api,cap_api,True,0.9998173910773172,0.6841107758209319,0.9997716695950579,ensemble,True,False,pass
Adjustment summary for claim 251838615925008 sequence 001.,reversal_info,reversal_info,True,cap_api,cap_api,True,0.9772798266378717,0.317798562104502,0.9692022285197462,ensemble,True,False,pass
Claim 253136857840000 sequence 001 reversal details.,reversal_info,reversal_info,True,cap_api,cap_api,True,0.9987787596662934,0.5211106958552698,0.9985232005388409,ensemble,True,False,pass
Resubmissions for claim 253361498968006 sequence 017.,reversal_info,reversal_info,True,cap_api,cap_api,True,0.9418879166190913,0.25287694909853725,0.9027671536458761,ensemble,True,False,pass
Reversal report for claim 253491357048008 sequence 001.,reversal_info,reversal_info,True,cap_api,cap_api,True,0.9995053902995578,0.5835504505993913,0.9994211670328611,ensemble,True,False,pass
What is the RX number for claim 130041467416065 sequence 001?,rx_details,rx_details,True,cap_api,cap_api,True,0.9824211199616707,0.2977654541148165,0.9744185313682354,ensemble,True,False,pass
Prescription details for claim 132435151040074 sequence 001.,rx_details,rx_details,True,cap_api,cap_api,True,0.983087423027128,0.34299401252940154,0.9748204828669481,ensemble,True,False,pass
Quantity dispensed on claim 150692388845000 sequence 001.,rx_details,rx_details,True,cap_api,cap_api,True,0.9950589501537137,0.4067640500853146,0.9937282762070853,ensemble,True,False,pass
Days supply for claim 160060096136030 sequence 001.,rx_details,DaysSupply,False,cap_api,claim_history_search,False,0.8589517576415482,0.36713178187333206,0.8001794587432886,ensemble,False,False,disagreement
Fill number for claim 180571470939000 sequence 001.,fill_date_info,rx_details,False,claim_history_search,cap_api,False,0.7290711487076962,0.19391896589871477,0.49684905950221264,ensemble,True,False,pass
RX details for claim 191406379285000 sequence 001.,rx_details,rx_details,True,cap_api,cap_api,True,0.9975579530044217,0.47962847052017593,0.9966307335399374,ensemble,True,False,pass
Prescription number for claim 201503823714118 sequence 001.,rx_details,rx_details,True,cap_api,cap_api,True,0.9904342749252527,0.378686273835742,0.9842264989824109,ensemble,True,False,pass
Quantity and days supply for claim 201752592251000 sequence 001.,rx_details,rx_details,True,cap_api,cap_api,True,0.8644191183442055,0.3933089776516449,0.8106606732987245,ensemble,False,False,disagreement
RX information for claim 201990819198000 sequence 001.,rx_details,rx_details,True,cap_api,cap_api,True,0.984803136511041,0.3071605460113267,0.9815727902551966,ensemble,True,False,pass
Prescription fill details for claim 211263773300000 sequence 004.,rx_details,rx_details,True,cap_api,cap_api,True,0.9875359779569552,0.38235989623574584,0.9817920954804629,ensemble,True,False,pass
RX number and fill count for claim 220133725669000 sequence 001.,rx_details,rx_details,True,cap_api,cap_api,True,0.9962216244655617,0.4535148014326232,0.994682605826808,ensemble,True,False,pass
Dispensing quantity for claim 220992183436835 sequence 002.,rx_details,rx_details,True,cap_api,cap_api,True,0.9910995792479004,0.34876027364662504,0.9889343210640342,ensemble,True,False,pass
Days supply for this prescription for claim 221172865083001 sequence 001.,rx_details,rx_details,True,cap_api,cap_api,True,0.9840076652262588,0.4652287907522398,0.9689670831038303,ensemble,True,False,pass
Fill number information for claim 221663541811000 sequence 001.,rx_details,rx_details,True,cap_api,cap_api,True,0.9913043025084342,0.3826053417287165,0.9880428784304579,ensemble,True,False,pass
RX details for claim 221775171449000 sequence 003.,rx_details,rx_details,True,cap_api,cap_api,True,0.9975579530044217,0.47962847052017593,0.9966307335399374,ensemble,True,False,pass
Prescription strength and quantity for claim 222492018072002 sequence 001.,rx_details,rx_details,True,cap_api,cap_api,True,0.9980807644308233,0.4723912389357253,0.9978195850540079,ensemble,True,False,pass
Prescription summary for claim 222492117457002 sequence 001.,rx_details,rx_details,True,cap_api,cap_api,True,0.8693174544531247,0.22936628605255738,0.856424287908864,ensemble,False,False,disagreement
RX number for claim 230381673488000 sequence 001.,rx_details,rx_details,True,cap_api,cap_api,True,0.9910419724914371,0.36359153096515034,0.9864043546488466,ensemble,True,False,pass
Fill details for claim 230624075311000 sequence 002.,rx_details,approval_info,False,cap_api,benefits_api,False,0.5627649369095361,0.145387564974992,0.3406950507658749,ensemble,False,False,disagreement
Prescription information for claim 231181462825000 sequence 001.,rx_details,rx_details,True,cap_api,cap_api,True,0.9585447576819932,0.2735466536764935,0.9473881194488003,ensemble,True,False,pass
What are the settlement codes for claim 130041467416065 sequence 001?,settlement_info,settlement_info,True,cap_api,cap_api,True,0.5701174169208101,0.35238018474381744,0.31294873940669315,ensemble,False,True,disagreement
Pharmacy response for claim 150692388845000 sequence 001.,settlement_info,settlement_info,True,cap_api,cap_api,True,0.9978104254918295,0.49029579671249435,0.9971798408659193,ensemble,True,False,pass
Settlement information sent to the pharmacy for claim 160060096136030 sequence 001.,settlement_info,settlement_info,True,cap_api,cap_api,True,0.8953606707545552,0.40149485287075126,0.8936646154848572,ensemble,True,True,pass
Feedback codes for claim 180571470939000 sequence 001.,settlement_info,settlement_info,True,cap_api,cap_api,True,0.9925090795231538,0.34526704313560486,0.990836692774286,ensemble,True,False,pass
What was sent back to the pharmacy for claim 191406379285000 sequence 001?,settlement_info,settlement_info,True,cap_api,cap_api,True,0.9863428768368027,0.31115009212980027,0.9822544497781507,ensemble,True,False,pass
Settlement details for claim 220133725669000 sequence 001.,settlement_info,settlement_info,True,cap_api,cap_api,True,0.8998861596960025,0.7455247252010786,0.8998357230597075,ensemble,True,True,pass
Pharmacy response codes for claim 220992183436835 sequence 002.,settlement_info,settlement_info,True,cap_api,cap_api,True,0.9987534172243151,0.5065041622541859,0.9985239380910325,ensemble,True,False,pass
Settlement information for claim 222492018072002 sequence 001.,settlement_info,settlement_info,True,cap_api,cap_api,True,0.8999250903803792,0.7919808074978006,0.8998775920378317,ensemble,True,True,pass
Settlement report for claim 222492117457002 sequence 001.,settlement_info,settlement_info,True,cap_api,cap_api,True,0.8997524024532777,0.6830223311034955,0.8996435039107175,ensemble,True,True,pass
Response sent to the pharmacy for claim 230381673488000 sequence 001.,settlement_info,settlement_info,True,cap_api,cap_api,True,0.9964772767671675,0.4228309467090374,0.9955231050592416,ensemble,True,False,pass
Settlement codes for claim 241770599260003 sequence 001.,settlement_info,settlement_info,True,cap_api,cap_api,True,0.63440598011828,0.4111880169294663,0.4411494353160331,ensemble,False,True,disagreement
Pharmacy feedback for claim 241771076695002 sequence 001.,settlement_info,settlement_info,True,cap_api,cap_api,True,0.987364482037179,0.3587483183710026,0.9815292200451258,ensemble,True,False,pass
Settlement status for claim 241774768475148 sequence 003.,settlement_info,settlement_info,True,cap_api,cap_api,True,0.8998142192930322,0.7320204796144067,0.8997450588235457,ensemble,True,True,pass
Response codes for claim 242005504278000 sequence 001.,settlement_info,settlement_info,True,cap_api,cap_api,True,0.8927385805791127,0.39225889732902924,0.8893112028755447,ensemble,True,True,pass
Settlement details for claim 242055403386000 sequence 001.,settlement_info,settlement_info,True,cap_api,cap_api,True,0.8998861596960025,0.7455247252010788,0.8998357230597075,ensemble,True,True,pass
Pharmacy response for claim 242772404022000 sequence 003.,settlement_info,settlement_info,True,cap_api,cap_api,True,0.9978104254918295,0.49029579671249435,0.9971798408659193,ensemble,True,False,pass
Settlement summary for claim 242831720377166 sequence 002.,settlement_info,settlement_info,True,cap_api,cap_api,True,0.8998349708136917,0.7244341904375033,0.8997787271543376,ensemble,True,True,pass
Codes sent to the pharmacy for claim 242831738080166 sequence 001.,settlement_info,settlement_info,True,cap_api,cap_api,True,0.9828354388090496,0.28006567449657915,0.9797171672329833,ensemble,True,False,pass
Settlement feedback for claim 243122443413000 sequence 001.,settlement_info,settlement_info,True,cap_api,cap_api,True,0.8998030605402138,0.6920042705466387,0.8997440465343063,ensemble,True,True,pass
Response information for claim 250023213779000 sequence 001.,settlement_info,settlement_info,True,cap_api,cap_api,True,0.9995676218486548,0.6290775625084601,0.9994625501347926,ensemble,True,False,pass
What are the coverage dates for member 44781239?,member_coverage,member_coverage,True,member_domain,member_domain,True,0.9843659615956266,0.2851315389785667,0.9813713225763168,ensemble,True,False,pass
Is member Smith currently eligible for pharmacy benefits?,member_coverage,member_coverage,True,member_domain,member_domain,True,0.09777111466673663,0.04137276548519699,0.0025576917561759504,ensemble,False,False,disagreement
Check if member 99123456 had active coverage on February 10th.,member_coverage,member_coverage,True,member_domain,member_domain,True,0.9846108993100035,0.28405179144071846,0.9811943472811878,ensemble,True,False,pass
Can you confirm whether member 77234581 is enrolled and covered right now?,member_coverage,member_coverage,True,member_domain,member_domain,True,0.9361033582270085,0.21649032579617192,0.9117539290225957,ensemble,True,False,pass
Look up the eligibility period for member Davis as of last Friday.,member_coverage,member_coverage,True,member_domain,member_domain,True,0.9846918000956805,0.2905525813519736,0.9818065601174184,ensemble,True,False,pass
What client is member 44781239 assigned to?,member_hierarchy,member_hierarchy,True,member_domain,member_domain,True,0.970688878238554,0.23086212955819754,0.9632068347362018,ensemble,True,False,pass
Show the account group structure for this member.,member_hierarchy,member_hierarchy,True,member_domain,member_domain,True,0.9996482868412411,0.6068375120964106,0.9995630746446488,ensemble,True,False,pass
Which carrier account group does member 88654321 belong to?,member_hierarchy,member_hierarchy,True,member_domain,member_domain,True,0.9761133927460908,0.2465502732492882,0.9701844609294785,ensemble,True,False,pass
Tell me the CAG chain that member 77234581 falls under.,member_hierarchy,member_hierarchy,True,member_domain,member_domain,True,0.9758640038491206,0.252798638463443,0.9695878248294124,ensemble,True,False,pass
What is the parent organization for this member's group?,member_hierarchy,member_hierarchy,True,member_domain,member_domain,True,0.9205070071931497,0.17583986228280174,0.8899944957083283,ensemble,True,False,pass
When do the accumulators reset for member 44781239?,benefit_reset_date,benefit_reset_date,True,member_domain,member_domain,True,0.9860128773743401,0.3064039233518969,0.981283664986294,ensemble,True,False,pass
What is the plan year start date for this member?,benefit_reset_date,benefit_reset_date,True,member_domain,member_domain,True,0.9985829054159218,0.561529536110625,0.9980812198782845,ensemble,True,False,pass
Tell me the benefit renewal date for member 88654321.,benefit_reset_date,benefit_reset_date,True,member_domain,member_domain,True,0.9939652929836725,0.36686514263678915,0.9925744148167215,ensemble,True,False,pass
On what date does the new benefit cycle begin for member 77234581?,benefit_reset_date,benefit_reset_date,True,member_domain,member_domain,True,0.985459778389985,0.3004212980204406,0.9819407093849967,ensemble,True,False,pass
Is member 44781239 on a family or individual plan?,family_type,family_type,True,member_domain,member_domain,True,0.8811685392913616,0.28768926157713537,0.8715917225693387,ensemble,True,True,pass
Show the family coverage designation for this member.,family_type,family_type,True,member_domain,member_domain,True,0.8936340478888343,0.44756002471707823,0.8887788247474345,ensemble,True,True,pass
What is the coverage tier classification for member 88654321?,family_type,family_type,True,member_domain,member_domain,True,0.8031022240186597,0.2061261995106601,0.737289198202156,ensemble,True,True,pass
Is this member's plan set up as employee-plus-spouse or employee-only?,family_type,family_type,True,member_domain,member_domain,True,0.9871402757070508,0.3154469599212382,0.9830415091618481,ensemble,True,False,pass
Who else is enrolled under the same family ID?,family_members,family_members,True,member_domain,member_domain,True,0.9599720998111267,0.29359786925333453,0.9418445679515365,ensemble,True,False,pass
List the dependents for member 44781239.,family_members,family_members,True,member_domain,member_domain,True,0.9932130302625393,0.3453395658230935,0.9920307753787099,ensemble,True,False,pass
Show me the subscriber and all dependents in this family.,family_members,family_members,True,member_domain,member_domain,True,0.9990666910116522,0.562855499726963,0.9985778460234233,ensemble,True,False,pass
How many people are covered under this member's household?,family_members,family_members,True,member_domain,member_domain,True,0.7381037518131258,0.21415776658359947,0.5785334056032787,ensemble,False,False,disagreement
Does member 44781239 have other insurance on file?,alternate_insurance,alternate_insurance,True,member_domain,member_domain,True,0.8847245186270878,0.27215003148144806,0.8813717152104666,ensemble,True,True,pass
Show secondary coverage details for this member.,alternate_insurance,alternate_insurance,True,member_domain,member_domain,True,0.8979577072820859,0.51084336151649,0.896932784034756,ensemble,True,True,pass
Is there a second payer listed for member 88654321?,alternate_insurance,alternate_insurance,True,member_domain,member_domain,True,0.7574763772881208,0.21175453764574598,0.7060028523838263,ensemble,False,True,disagreement
Check if member 77234581 carries any supplemental pharmacy coverage.,alternate_insurance,alternate_insurance,True,member_domain,member_domain,True,0.9484504697530236,0.19663959717801432,0.9419496400936319,ensemble,True,False,pass
Is this member enrolled in a Medicare drug plan?,medicare_coverage,medicare_coverage,True,member_domain,member_domain,True,0.9998084189855947,0.6670089417763608,0.9997689389427837,ensemble,True,False,pass
Show Part D enrollment status for member 44781239.,medicare_coverage,medicare_coverage,True,member_domain,member_domain,True,0.9939286119028631,0.4178284714862219,0.9904804061420073,ensemble,True,False,pass
Does member 88654321 have Med-D benefits?,medicare_coverage,medicare_coverage,True,member_domain,member_domain,True,0.7987655643085638,0.20061437526182835,0.7038471854395777,ensemble,False,False,disagreement
Verify whether member 77234581 participates in a Medicare prescription program.,medicare_coverage,medicare_coverage,True,member_domain,member_domain,True,0.9865659064702492,0.27587553513720253,0.9856215609659982,ensemble,True,False,pass
What is the low income subsidy level for this member?,lics_status,lics_status,True,member_domain,member_domain,True,0.8998428283685836,0.6966737118073048,0.8997832729442958,ensemble,True,True,pass
Is member 44781239 designated as LICS?,lics_status,lics_status,True,member_domain,member_domain,True,0.8882229672966234,0.30877461329301226,0.8847996777783945,ensemble,True,True,pass
Does this member qualify for low income cost sharing?,lics_status,lics_status,True,member_domain,member_domain,True,0.8991557401486366,0.5426399574334134,0.8988455077906298,ensemble,True,True,pass
Check whether member 88654321 has an LIS co-pay reduction on file.,lics_status,lics_status,True,member_domain,member_domain,True,0.9784516863255239,0.2584923054148357,0.9742239518725592,ensemble,True,False,pass
Show STCOB links for member 44781239.,stcob_linkage,stcob_linkage,True,member_domain,member_domain,True,0.9896442626852439,0.30427639620610986,0.9878333998681484,ensemble,True,False,pass
Are there short-term COB records for this member?,stcob_linkage,stcob_linkage,True,member_domain,member_domain,True,0.9712385791008815,0.29226182547053586,0.9497620842093074,ensemble,True,False,pass
Pull up the STCOB member connections for member 88654321.,stcob_linkage,stcob_linkage,True,member_domain,member_domain,True,0.9938526336309924,0.34348914018405147,0.9931224012023385,ensemble,True,False,pass
Does member 77234581 have any active short-term coordination linkages?,stcob_linkage,stcob_linkage,True,member_domain,member_domain,True,0.7651872713850469,0.14116788610298697,0.7280669230328475,ensemble,False,False,disagreement
What CVS ID is assigned to member 44781239?,cvs_id_lookup,cvs_id_lookup,True,member_domain,member_domain,True,0.9866602617933949,0.32598119329013425,0.9806530907401174,ensemble,True,False,pass
Look up the CVS member identifier for this member.,cvs_id_lookup,cvs_id_lookup,True,member_domain,member_domain,True,0.9996954161509323,0.7055519945592706,0.999469605836033,ensemble,True,False,pass
What is the CVS number on file for member 88654321?,cvs_id_lookup,cvs_id_lookup,True,member_domain,member_domain,True,0.9793141673894533,0.25261923819886145,0.976803414716284,ensemble,True,False,pass
Retrieve the CVS identifier stored for member 77234581.,cvs_id_lookup,cvs_id_lookup,True,member_domain,member_domain,True,0.9813094319034943,0.276437908024874,0.9739562128540906,ensemble,True,False,pass
Show other CAGMs sharing the same CVS ID as this member.,related_cagm,related_cagm,True,member_domain,member_domain,True,0.8998729791950403,0.7243685382905206,0.8998160463910843,ensemble,True,True,pass
List CAGMs by family ID under client code ABC.,related_cagm,related_cagm,True,member_domain,member_domain,True,0.999283919648547,0.5451388708826692,0.9991130085049471,ensemble,True,False,pass
Which members are linked by the same CVS identifier?,related_cagm,related_cagm,True,member_domain,member_domain,True,0.8957969866571998,0.46360971554628816,0.8925428650406847,ensemble,True,True,pass
Find all CAGM records that match member 77234581 by family and client.,related_cagm,related_cagm,True,member_domain,member_domain,True,0.9785833184318554,0.28615819958015093,0.968153772075947,ensemble,True,False,pass
What other IDs are on file for member 44781239?,alternate_ids,alternate_ids,True,member_domain,member_domain,True,0.9018718493173611,0.1639021925918183,0.8865239882839749,ensemble,True,False,pass
List all cross-reference identifiers for this member.,alternate_ids,alternate_ids,True,member_domain,member_domain,True,0.9950224450539226,0.3639999228730273,0.9940254125291859,ensemble,True,False,pass
Show every alternate member number for member 88654321.,alternate_ids,alternate_ids,True,member_domain,member_domain,True,0.889041150691011,0.16704046952728294,0.8467296859328063,ensemble,True,False,pass
Pull up the full list of supplemental IDs stored for member 77234581.,alternate_ids,alternate_ids,True,member_domain,member_domain,True,0.9799076225082052,0.2550270982734738,0.9755066988712741,ensemble,True,False,pass
Summarize the key fields on PA 78901.,pa_summary,pa_summary,True,override_domain,override_domain,True,0.996988714099454,0.5610767044865149,0.9943123447649795,ensemble,True,False,pass
Give me an overview of this prior authorization.,pa_summary,pa_summary,True,override_domain,override_domain,True,0.8994832012799862,0.6488752566661572,0.8992449481920289,ensemble,True,True,pass
What are the critical attributes of PA 12345?,pa_summary,pa_summary,True,override_domain,override_domain,True,0.9933056393906742,0.4332262989334052,0.988671481068139,ensemble,True,False,pass
Show a high-level report of what PA 55432 covers and its effective dates.,pa_summary,pa_summary,True,override_domain,override_domain,True,0.8006801632914692,0.26245343575264785,0.6921072402641414,ensemble,False,False,disagreement
Break down the most impactful settings on this PA for me.,pa_summary,pa_summary,True,override_domain,override_domain,True,0.9958391232990943,0.3985826808298607,0.995330899300962,ensemble,True,False,pass
Will this PA clear a 75 rejection?,pa_override_reject,pa_override_reject,True,override_domain,override_domain,True,0.9992856166621704,0.5614531726568612,0.9991922129140556,ensemble,True,False,pass
Can this prior auth bypass a non-formulary reject 70?,pa_override_reject,pa_override_reject,True,override_domain,override_domain,True,0.9976747294996514,0.4392918511043641,0.9970802904824503,ensemble,True,False,pass
Does this PA address reject code 76 plan limits?,pa_override_reject,pa_override_reject,True,override_domain,override_domain,True,0.9994382121164712,0.6009550983654165,0.9991817823928364,ensemble,True,False,pass
If a claim rejects with code 75 PA required will this override fix it?,pa_override_reject,pa_override_reject,True,override_domain,override_domain,True,0.9072799195539966,0.24019295803271973,0.831654985862017,ensemble,True,False,pass
Tell me whether this PA handles both reject 70 and reject 76.,pa_override_reject,pa_override_reject,True,override_domain,override_domain,True,0.9981377319485001,0.4629661049213177,0.9977039880520199,ensemble,True,False,pass
What does the formulary override indicator mean on a PA?,pa_field_help,pa_field_help,True,override_domain,override_domain,True,0.9983123914607802,0.5041283001361044,0.9976284485333847,ensemble,True,False,pass
How does the days supply cap setting work on a prior authorization?,pa_field_help,pa_field_help,True,override_domain,override_domain,True,0.41000101103415776,0.15706309588982006,0.04542014303415323,ensemble,False,False,disagreement
What is the purpose of the drug coverage code on a PA?,pa_field_help,pa_field_help,True,override_domain,override_domain,True,0.9930931275559651,0.40654273404311253,0.98876342172221,ensemble,True,False,pass
Describe what the PA priority ranking field controls.,pa_field_help,pa_field_help,True,override_domain,override_domain,True,0.8937876656854038,0.44624940545276326,0.8888510709052261,ensemble,True,True,pass
Help me understand the GPI wildcard setting on a prior authorization.,pa_field_help,pa_field_help,True,override_domain,override_domain,True,0.7166565365540366,0.15515457984383205,0.5909263018264556,ensemble,False,False,disagreement
How does the copay on this PA change the total payment?,pa_copay_pricing,pa_copay_pricing,True,override_domain,override_domain,True,0.9808201687339319,0.43181770837077804,0.9680925257033305,ensemble,True,False,pass
Will the PA copay override reduce the member cost?,pa_copay_pricing,pa_copay_pricing,True,override_domain,override_domain,True,0.9642620051253012,0.23811866635108847,0.957528073704278,ensemble,True,False,pass
Show the pricing impact of the copay fields on this PA.,pa_copay_pricing,pa_copay_pricing,True,override_domain,override_domain,True,0.8984327886296046,0.5699862672423539,0.8974533145238637,ensemble,True,True,pass
If I change the copay override on this PA does it affect the ingredient cost or just the patient pay?,pa_copay_pricing,pa_copay_pricing,True,override_domain,override_domain,True,0.9963445916512689,0.4587780631006408,0.9947720730855104,ensemble,True,False,pass
Explain how multiple copay fields on this PA interact to set the final price.,pa_copay_pricing,pa_copay_pricing,True,override_domain,override_domain,True,0.8686350706585725,0.2902402677521601,0.8579404877674837,ensemble,True,True,pass
Which medications does this PA authorize?,pa_drug_coverage,pa_drug_coverage,True,override_domain,override_domain,True,0.985779531926796,0.3198321686354683,0.9789497726652708,ensemble,True,False,pass
Show the GPI range covered by PA 78901.,pa_drug_coverage,pa_drug_coverage,True,override_domain,override_domain,True,0.9956274623650092,0.40231503556964215,0.9949661490252111,ensemble,True,False,pass
What NDC codes fall under this prior authorization?,pa_drug_coverage,pa_drug_coverage,True,override_domain,override_domain,True,0.994947115522981,0.4608332117460828,0.9929584550209529,ensemble,True,False,pass
List every drug group and NDC that PA 55432 applies to.,pa_drug_coverage,pa_drug_coverage,True,override_domain,override_domain,True,0.9851824316732786,0.3869377140259711,0.9781453481512482,ensemble,True,False,pass
Does this PA cover both brand and generic versions of the medication?,pa_drug_coverage,daw_info,False,override_domain,cap_api,False,0.5964644103006297,0.12576473593178325,0.3789030887174422,ensemble,False,False,disagreement
How many fills have been processed under this PA?,pa_claim_usage,pa_claim_usage,True,override_domain,override_domain,True,0.9754078767904976,0.271626351535877,0.968988603373463,ensemble,True,False,pass
Show the claim volume for PA 78901.,pa_claim_usage,pa_claim_usage,True,override_domain,override_domain,True,0.36964500059034894,0.1342587447312683,0.13908356913009232,ensemble,False,False,disagreement
What is the total utilization count for this prior auth?,pa_claim_usage,pa_claim_usage,True,override_domain,override_domain,True,0.9991001347420301,0.5240936407573662,0.9989179422203854,ensemble,True,False,pass
Tell me how many prescriptions were adjudicated against PA 55432.,pa_claim_usage,PriorAuth,False,override_domain,claim_history_search,False,0.7673692367107531,0.20131852677704384,0.6434124823883485,ensemble,False,False,disagreement
Give me the usage statistics showing how often this PA was referenced.,pa_claim_usage,pa_claim_usage,True,override_domain,override_domain,True,0.9962854849131643,0.4140001964052521,0.9948266113104905,ensemble,True,False,pass
Show me a summary of the current benefit plan for this member.,plan_summary,plan_summary,True,benefits_api,benefits_api,True,0.8998977848976702,0.7468498799250819,0.8998738034372689,ensemble,True,True,pass
What does this member's benefit plan cover today?,plan_summary,plan_summary,True,benefits_api,benefits_api,True,0.9994325127122151,0.5907947499838144,0.9993061463820241,ensemble,True,False,pass
Give me a snapshot of the active plan for member 4807045053.,plan_summary,plan_summary,True,benefits_api,benefits_api,True,0.9767796769002556,0.25712575244253355,0.9716983801129249,ensemble,True,False,pass
Retrieve the high-level plan overview for this member.,plan_summary,plan_summary,True,benefits_api,benefits_api,True,0.9660324481846747,0.2832013101197518,0.9537830026659262,ensemble,True,False,pass
Display the current plan configuration at a glance.,plan_summary,plan_summary,True,benefits_api,benefits_api,True,0.9981835230076482,0.47877836151500386,0.9978499296446681,ensemble,True,False,pass
What changes have been made to this member's benefit plan over time?,plan_history,plan_history,True,benefits_api,benefits_api,True,0.8197794299164515,0.253517936617459,0.652855138002889,ensemble,True,False,pass
Show the revision log for the benefits plan.,plan_history,plan_history,True,benefits_api,benefits_api,True,0.999679312219529,0.6455277444842771,0.999618576923028,ensemble,True,False,pass
When was this member's plan last modified?,plan_history,plan_history,True,benefits_api,benefits_api,True,0.9294234234299051,0.25859747851291326,0.8843183444692673,ensemble,True,False,pass
Display the audit trail of plan amendments.,plan_history,plan_history,True,benefits_api,benefits_api,True,0.9971710329639241,0.4519520986256226,0.99617194872931,ensemble,True,False,pass
List past revisions and updates to the plan.,plan_history,plan_history,True,benefits_api,benefits_api,True,0.9998601743245618,0.702557575434149,0.9998309511920581,ensemble,True,False,pass
Help me find an available benefit plan for this client.,plan_finder,plan_finder,True,benefits_api,benefits_api,True,0.9978988947252344,0.4722587579685435,0.9971354732134206,ensemble,True,False,pass
Which plans are offered to this member's employer group?,plan_finder,plan_finder,True,benefits_api,benefits_api,True,0.9823819597091193,0.4336602615149574,0.9666167807251854,ensemble,True,False,pass
Search for plans matching this client's criteria.,plan_finder,plan_finder,True,benefits_api,benefits_api,True,0.9998087276485329,0.6615061511325374,0.9997803638287258,ensemble,True,False,pass
Look up benefit plan options in the catalog.,plan_finder,plan_finder,True,benefits_api,benefits_api,True,0.996740605162572,0.46368978619461887,0.994853381352931,ensemble,True,False,pass
Find a suitable plan that this member can enroll in.,plan_finder,plan_finder,True,benefits_api,benefits_api,True,0.9987584158051103,0.5246821104538723,0.9984565583875239,ensemble,True,False,pass
How many refills remain on the METFORMIN prescription for this member?,Refills,Refills,True,claim_history_search,claim_history_search,True,0.9960222505832353,0.48942674354754767,0.993250115714829,ensemble,True,False,pass
List refill counts across all of this member's active prescriptions.,Refills,Refills,True,claim_history_search,claim_history_search,True,0.8997758783264885,0.6488663118479753,0.8997404804255648,ensemble,True,True,pass
Show only the refill fills for LISINOPRIL.,Refills,Refills,True,claim_history_search,claim_history_search,True,0.8979753606527607,0.39144855854582533,0.8817924454898708,ensemble,False,False,disagreement
Which prescriptions have used the most refills?,Refills,Refills,True,claim_history_search,claim_history_search,True,0.9996318955776096,0.6215411456426844,0.9995677522527503,ensemble,True,False,pass
Are there any remaining refills for ATORVASTATIN?,Refills,Refills,True,claim_history_search,claim_history_search,True,0.8843334288700803,0.39055678848418085,0.8520250416699449,ensemble,False,False,disagreement
Show all claims with a 90-day supply for this member.,DaysSupply,DaysSupply,True,claim_history_search,claim_history_search,True,0.9972382501280744,0.4559197732864997,0.9959170231438731,ensemble,True,False,pass
Filter claims where days supply equals 30.,DaysSupply,DaysSupply,True,claim_history_search,claim_history_search,True,0.9998699970033438,0.6965648762612241,0.9998587659767326,ensemble,True,False,pass
Which prescriptions were dispensed as a 14-day supply?,DaysSupply,DaysSupply,True,claim_history_search,claim_history_search,True,0.9994547316517743,0.6086878003928227,0.9992554753910308,ensemble,True,False,pass
List claims with days supply greater than 84.,DaysSupply,DaysSupply,True,claim_history_search,claim_history_search,True,0.9993214157664356,0.5985405068452664,0.9991534243421712,ensemble,True,False,pass
Give me all 7-day emergency supply fills.,DaysSupply,DaysSupply,True,claim_history_search,claim_history_search,True,0.9974803721017154,0.43163978874773534,0.996927761570155,ensemble,True,False,pass
Which claims required prior authorization for this member?,PriorAuth,PriorAuth,True,claim_history_search,claim_history_search,True,0.9973316247036063,0.5470602321171101,0.9951939754406155,ensemble,True,False,pass
Show fills that went through a PA process.,PriorAuth,PriorAuth,True,claim_history_search,claim_history_search,True,0.9998655479410465,0.7066885367918148,0.9998350607162115,ensemble,True,False,pass
Did HUMIRA need prior authorization?,PriorAuth,PriorAuth,True,claim_history_search,claim_history_search,True,0.5473296661816082,0.17464141187696666,0.24641749662480333,ensemble,False,False,disagreement
List claims where PA was approved in the history.,PriorAuth,PriorAuth,True,claim_history_search,claim_history_search,True,0.9967309443385993,0.45903146867973565,0.9954665681293416,ensemble,True,False,pass
Display PA-approved claims for specialty drugs.,PriorAuth,PriorAuth,True,claim_history_search,claim_history_search,True,0.9999454199997057,0.7888576195009906,0.9999253734994444,ensemble,True,False,pass
Show claims with diagnosis code E11.9 for this member.,Diagnosis,Diagnosis,True,claim_history_search,claim_history_search,True,0.9997265632392764,0.6387279538344484,0.9996844914484985,ensemble,True,False,pass
Filter claims by ICD-10 code J45.909.,Diagnosis,Diagnosis,True,claim_history_search,claim_history_search,True,0.9996806003350289,0.6304114193739653,0.9996246741171938,ensemble,True,False,pass
Which claims carry diagnosis I10?,Diagnosis,Diagnosis,True,claim_history_search,claim_history_search,True,0.9997201859217549,0.6355852399134001,0.9996817209568324,ensemble,True,False,pass
Retrieve fills linked to diagnosis code F32.9.,Diagnosis,Diagnosis,True,claim_history_search,claim_history_search,True,0.998616754021953,0.5110804968945455,0.9981638818737332,ensemble,True,False,pass
List prescriptions associated with ICD K21.00.,Diagnosis,Diagnosis,True,claim_history_search,claim_history_search,True,0.9942909364802822,0.3699366428436355,0.9933688091795596,ensemble,True,False,pass
Show claims with settlement code 358 for this member.,Settlement,Settlement,True,claim_history_search,claim_history_search,True,0.8987615316108665,0.4892363204215038,0.8985794784226582,ensemble,True,True,pass
Filter by settlement code 001.,Settlement,Settlement,True,claim_history_search,claim_history_search,True,0.8998239408936407,0.678699354037567,0.8997649727577808,ensemble,True,True,pass
Which claims returned settlement code 425?,Settlement,Settlement,True,claim_history_search,claim_history_search,True,0.8999326549674759,0.7467426709219126,0.8999150526888836,ensemble,True,True,pass
List fills that received settlement code 310.,Settlement,Settlement,True,claim_history_search,claim_history_search,True,0.9999165663204245,0.7387873012215672,0.9999017597114805,ensemble,True,False,pass
Retrieve claims with pharmacy settlement response 200.,Settlement,Settlement,True,claim_history_search,claim_history_search,True,0.8999404100222319,0.7754282091778395,0.8999097736389773,ensemble,True,True,pass
Show claims filled at retail pharmacies for this member.,PharmType,PharmType,True,claim_history_search,claim_history_search,True,0.8940393939934392,0.5171047433428806,0.889177950814483,ensemble,True,True,pass
Filter claims dispensed through mail-order channels.,PharmType,PharmType,True,claim_history_search,claim_history_search,True,0.8996026057954071,0.6631275902406916,0.8994173910761877,ensemble,True,True,pass
List specialty pharmacy claims for this member.,PharmType,PharmType,True,claim_history_search,claim_history_search,True,0.9998174198890324,0.6849967532792672,0.999786389645304,ensemble,True,False,pass
Which fills came from a retail chain pharmacy?,PharmType,PharmType,True,claim_history_search,claim_history_search,True,0.8998075210083653,0.7116597392236098,0.8997662938450134,ensemble,True,True,pass
Display claims filled via the specialty pharmacy channel.,PharmType,PharmType,True,claim_history_search,claim_history_search,True,0.9999529773701916,0.7749088438163204,0.9999443101783883,ensemble,True,False,pass
Show claims processed under plan LICS2 for this member.,Plan,Plan,True,claim_history_search,claim_history_search,True,0.9975899341712097,0.49380975681924016,0.9968749132803957,ensemble,True,False,pass
Filter claims by plan code RX8B.,Plan,Plan,True,claim_history_search,claim_history_search,True,0.9997918473717908,0.6643331824682471,0.9997590571159234,ensemble,True,False,pass
Which claims were adjudicated under plan MED3?,Plan,Plan,True,claim_history_search,claim_history_search,True,0.9994951345923264,0.6023406448713237,0.999405820807139,ensemble,True,False,pass
List claims covered by plan FRM1.,Plan,Plan,True,claim_history_search,claim_history_search,True,0.9995451621186033,0.603747880422526,0.9994514668547643,ensemble,True,False,pass
Retrieve fills under insurance plan STD2.,Plan,Plan,True,claim_history_search,claim_history_search,True,0.9992192116866512,0.5480186593007409,0.999131695784625,ensemble,True,False,pass
Show claims filled at CVS PHARMACY 00610.,Pharmacy,Pharmacy,True,claim_history_search,claim_history_search,True,0.9999168035552171,0.7363091707890628,0.9999061634217343,ensemble,True,False,pass
List fills dispensed by WALGREENS 04528.,Pharmacy,Pharmacy,True,claim_history_search,claim_history_search,True,0.9998599642154102,0.6907326633003867,0.9998472783685564,ensemble,True,False,pass
Retrieve claims from RITE AID 11237.,Pharmacy,Pharmacy,True,claim_history_search,claim_history_search,True,0.8999532760519007,0.7732891854290675,0.8999463402146372,ensemble,True,True,pass
Which fills were filled at TARGET PHARMACY 01893?,Pharmacy,Pharmacy,True,claim_history_search,claim_history_search,True,0.9999135452442207,0.7319662238112359,0.9999013731938772,ensemble,True,False,pass
Display claims from KROGER PHARMACY 05672.,Pharmacy,Pharmacy,True,claim_history_search,claim_history_search,True,0.9995434946280055,0.6051691050490771,0.9994274242470014,ensemble,True,False,pass
Show claims by prescriber Dr. PATEL for this member.,Prescriber,Prescriber,True,claim_history_search,claim_history_search,True,0.9969948149697229,0.47267705824983075,0.995307195303851,ensemble,True,False,pass
List claims written by NPI 1234567890.,Prescriber,Prescriber,True,claim_history_search,claim_history_search,True,0.994628256038956,0.4177739733198115,0.9922847130376043,ensemble,True,False,pass
Which claims were ordered by prescriber SMITH?,Prescriber,Prescriber,True,claim_history_search,claim_history_search,True,0.8998408695968159,0.6962692651029712,0.8997947209862966,ensemble,True,True,pass
Retrieve fills prescribed by Dr. JOHNSON.,Prescriber,Prescriber,True,claim_history_search,claim_history_search,True,0.9938983270129137,0.3657114260021674,0.9928679531192125,ensemble,True,False,pass
Fetch claims by provider NPI 9876543210.,Prescriber,Prescriber,True,claim_history_search,claim_history_search,True,0.9970423232536944,0.46374742493543425,0.9959072892820393,ensemble,True,False,pass
How much did the member pay for LEVOTHYROXINE?,Pricing,Pricing,True,claim_history_search,claim_history_search,True,0.9994547339667835,0.6174636762583146,0.9991806466192618,ensemble,True,False,pass
What was the copay on METFORMIN fills?,Pricing,Pricing,True,claim_history_search,claim_history_search,True,0.999567048356245,0.6428232285252784,0.9993931332193653,ensemble,True,False,pass
Show the out-of-pocket cost for ATORVASTATIN claims.,Pricing,Pricing,True,claim_history_search,claim_history_search,True,0.9987598291300908,0.557296984764575,0.9981755725556151,ensemble,True,False,pass
Retrieve the ingredient cost of LISINOPRIL claims.,Pricing,Pricing,True,claim_history_search,claim_history_search,True,0.9992688686786857,0.6112792626940089,0.9990440174682398,ensemble,True,False,pass
What did the plan pay for GABAPENTIN?,Pricing,Pricing,True,claim_history_search,claim_history_search,True,0.998626347319062,0.524013180818266,0.9981505281188494,ensemble,True,False,pass
Show all rejected claims for this member.,Status,Status,True,claim_history_search,claim_history_search,True,0.9999479735702463,0.8197198891940537,0.9999295846377988,ensemble,True,False,pass
List claims in paid status.,Status,Status,True,claim_history_search,claim_history_search,True,0.9999719149919267,0.8276669655921938,0.9999650219302842,ensemble,True,False,pass
Which claims are currently pending?,Status,Status,True,claim_history_search,claim_history_search,True,0.9999410697539834,0.7932325302214969,0.9999250875095582,ensemble,True,False,pass
Display all denied claims for this member.,Status,Status,True,claim_history_search,claim_history_search,True,0.9987531728810728,0.5700773625102837,0.9981776339471714,ensemble,True,False,pass
Retrieve claims that were successfully adjudicated.,Status,Status,True,claim_history_search,claim_history_search,True,0.9997889266720612,0.6993956278697597,0.9997402082748794,ensemble,True,False,pass
Show claims with reject code 79 for this member.,RejectCode,RejectCode,True,claim_history_search,claim_history_search,True,0.9992520034364115,0.5929129723254063,0.9990182822728246,ensemble,True,False,pass
Filter claims by rejection code 75.,RejectCode,RejectCode,True,claim_history_search,claim_history_search,True,0.9999253827787454,0.7570012862425237,0.9999046084944109,ensemble,True,False,pass
Which claims have NCPDP reject code MR?,RejectCode,RejectCode,True,claim_history_search,claim_history_search,True,0.9997989886262291,0.6767311734334787,0.9997217779685496,ensemble,True,False,pass
Retrieve claims with reject code 70.,RejectCode,RejectCode,True,claim_history_search,claim_history_search,True,0.9999267486646212,0.7590860819663243,0.9999035723889005,ensemble,True,False,pass
List claims rejected under code 76.,RejectCode,RejectCode,True,claim_history_search,claim_history_search,True,0.9999162889401821,0.7522197225467675,0.9998937603217631,ensemble,True,False,pass
When was LEVOTHYROXINE last filled for this member?,DrugLast,DrugLast,True,claim_history_search,claim_history_search,True,0.9983616958523682,0.5241746246687233,0.9974217896036782,ensemble,True,False,pass
What is the most recent fill date for METFORMIN?,DrugLast,DrugLast,True,claim_history_search,claim_history_search,True,0.9998285581762317,0.7166673985602598,0.9997374523953853,ensemble,True,False,pass
Show the last time ATORVASTATIN was dispensed.,DrugLast,DrugLast,True,claim_history_search,claim_history_search,True,0.9993190899610095,0.5932358989304821,0.9989414668975026,ensemble,True,False,pass
When did this member last get LISINOPRIL?,DrugLast,DrugLast,True,claim_history_search,claim_history_search,True,0.9998036043187581,0.6864417324794063,0.9997328562376939,ensemble,True,False,pass
Retrieve the latest dispensing date for AMLODIPINE.,DrugLast,DrugLast,True,claim_history_search,claim_history_search,True,0.99930199142249,0.599303865548834,0.9989632895878111,ensemble,True,False,pass
Give me all claims for this member in January.,Month,Month,True,claim_history_search,claim_history_search,True,0.999822566693583,0.7256816897685312,0.9997565462488014,ensemble,True,False,pass
Show fills from February for this member.,Month,Month,True,claim_history_search,claim_history_search,True,0.997972040903189,0.43043856997152663,0.9977784278079732,ensemble,True,False,pass
Retrieve March claims for this member.,Month,Month,True,claim_history_search,claim_history_search,True,0.9998064853876293,0.6789045265793319,0.9997329277607785,ensemble,True,False,pass
List claims filed in April.,Month,Month,True,claim_history_search,claim_history_search,True,0.9996421221960865,0.6716639213519774,0.9994250344705663,ensemble,True,False,pass
Display fills from the month of September.,Month,Month,True,claim_history_search,claim_history_search,True,0.9980646629543412,0.474807937649685,0.9977516026033093,ensemble,True,False,pass
Look up claim number 260302639954275.,ClaimNum,ClaimNum,True,claim_history_search,claim_history_search,True,0.8999167100979545,0.7597911080565565,0.8998956805223465,ensemble,True,True,pass
Retrieve claim 480517832091643.,ClaimNum,ClaimNum,True,claim_history_search,claim_history_search,True,0.7895238039000145,0.2930747397440128,0.7610562085811602,ensemble,False,True,disagreement
Show details for claim number 710924356178502.,ClaimNum,ClaimNum,True,claim_history_search,claim_history_search,True,0.810908507938874,0.2893539634510454,0.7427790214506078,ensemble,True,True,pass
Fetch claim 392081547623918.,ClaimNum,ClaimNum,True,claim_history_search,claim_history_search,True,0.39389613499241233,0.08734388170141288,0.23935722173941934,ensemble,False,False,disagreement
Get claim number 853746291035824.,ClaimNum,ClaimNum,True,claim_history_search,claim_history_search,True,0.89081072092358,0.43764730461253476,0.8835813166675172,ensemble,True,True,pass
Show claims for NDC 33342-0395-44.,NDC,NDC,True,claim_history_search,claim_history_search,True,0.9996921453577308,0.6342280433035304,0.9996340857612915,ensemble,True,False,pass
Look up NDC 00071-0155-23.,NDC,NDC,True,claim_history_search,claim_history_search,True,0.9995779367039344,0.6074255034814486,0.9995074909701895,ensemble,True,False,pass
Retrieve claims with NDC 68462-0235-90.,NDC,NDC,True,claim_history_search,claim_history_search,True,0.9982376311652129,0.4764673706602497,0.9979683265441978,ensemble,True,False,pass
Filter by NDC 00093-5057-01.,NDC,NDC,True,claim_history_search,claim_history_search,True,0.999788712256153,0.6699505957520161,0.9997448967638142,ensemble,True,False,pass
Fetch claims for NDC 16729-0044-15.,NDC,NDC,True,claim_history_search,claim_history_search,True,0.999611753477962,0.6115806348340762,0.9995390548532621,ensemble,True,False,pass
Show claims for drugs manufactured by TEVA.,Manufacturer,Manufacturer,True,claim_history_search,claim_history_search,True,0.9997409865315735,0.6864277836883965,0.9996438253849405,ensemble,True,False,pass
Filter claims by manufacturer MYLAN.,Manufacturer,Manufacturer,True,claim_history_search,claim_history_search,True,0.9988733961340605,0.5676682672774243,0.9982793965092759,ensemble,True,False,pass
Which claims have drugs from PFIZER?,Manufacturer,Manufacturer,True,claim_history_search,claim_history_search,True,0.9984971777497156,0.4879299390115653,0.998263338631899,ensemble,True,False,pass
List claims with medications by SANDOZ.,Manufacturer,Manufacturer,True,claim_history_search,claim_history_search,True,0.9997205653056862,0.6714400541580687,0.99961370425218,ensemble,True,False,pass
Retrieve claims for manufacturer NOVARTIS.,Manufacturer,Manufacturer,True,claim_history_search,claim_history_search,True,0.9989250621159486,0.5963537422243432,0.998294693794882,ensemble,True,False,pass
Show all generic drug claims for this member.,Generic,Generic,True,claim_history_search,claim_history_search,True,0.9982457115815111,0.5094354178525001,0.9977163006310715,ensemble,True,False,pass
List only non-branded medication fills.,Generic,Generic,True,claim_history_search,claim_history_search,True,0.9995395286534954,0.7037235281737009,0.9991807444217443,ensemble,True,False,pass
Filter claims for generic substitutions.,Generic,Generic,True,claim_history_search,claim_history_search,True,0.9998252732739381,0.7113460447590156,0.9997742617321866,ensemble,True,False,pass
Which fills dispensed a generic equivalent?,Generic,Generic,True,claim_history_search,claim_history_search,True,0.9997813914178794,0.7152617977158037,0.9997098681049118,ensemble,True,False,pass
Retrieve claims where a generic was substituted for brand.,Generic,Generic,True,claim_history_search,claim_history_search,True,0.9998187210284168,0.7368457776995431,0.9997293079689099,ensemble,True,False,pass
Show brand name claims for this member.,Brand,Brand,True,claim_history_search,claim_history_search,True,0.9989208369706855,0.5790699232807146,0.9985051697083884,ensemble,True,False,pass
List claims for proprietary medications.,Brand,Brand,True,claim_history_search,claim_history_search,True,0.9997641120103624,0.7165582022228306,0.9996820025136438,ensemble,True,False,pass
Filter claims dispensed as trade name drugs.,Brand,Brand,True,claim_history_search,claim_history_search,True,0.99975038236473,0.7089797561767883,0.9996579196660792,ensemble,True,False,pass
Which fills used the original brand product?,Brand,Brand,True,claim_history_search,claim_history_search,True,0.9997861951906117,0.6719571602345944,0.9997506946034854,ensemble,True,False,pass
Retrieve claims for innovator brand drugs.,Brand,Brand,True,claim_history_search,claim_history_search,True,0.999821280564479,0.7433276134866718,0.9997178017953939,ensemble,True,False,pass
What is the full name and date of birth for this member?,member_demographics,member_demographics,True,member_domain,member_domain,True,0.9999267492368611,0.7370864876495459,0.9999179805144037,ensemble,True,False,pass
Show the gender recorded for member 4807045053.,member_demographics,member_demographics,True,member_domain,member_domain,True,0.9737440129433711,0.23138369919650223,0.9679113699400553,ensemble,True,False,pass
Display the member's person code and relationship code.,member_demographics,member_demographics,True,member_domain,member_domain,True,0.9997409904826662,0.6349714558130004,0.9996924626404367,ensemble,True,False,pass
Retrieve the demographic profile for this member.,member_demographics,member_demographics,True,member_domain,member_domain,True,0.9997919225105854,0.6470262319112321,0.9997564820207745,ensemble,True,False,pass
"Give me the member's first name, last name, and DOB.",member_demographics,member_demographics,True,member_domain,member_domain,True,0.9998815746931109,0.6980153860901566,0.9998712459755791,ensemble,True,False,pass
What is the email address on file for this member?,member_contact_info,member_contact_info,True,member_domain,member_domain,True,0.9999297957639481,0.7495101785931563,0.9999121922934605,ensemble,True,False,pass
Show the mailing address for member 4807045053.,member_contact_info,member_contact_info,True,member_domain,member_domain,True,0.9858408275606277,0.26883380359865655,0.9839579682419791,ensemble,True,False,pass
Display the primary phone number for this member.,member_contact_info,member_contact_info,True,member_domain,member_domain,True,0.9998833764283328,0.69630565639618,0.9998736823864426,ensemble,True,False,pass
Retrieve the member's postal address including city and zip.,member_contact_info,member_contact_info,True,member_domain,member_domain,True,0.9999082070473627,0.7393020419341392,0.9998846025219597,ensemble,True,False,pass
Give me the contact details including email and phone.,member_contact_info,member_contact_info,True,member_domain,member_domain,True,0.9997815144409418,0.6626359813267487,0.9997450853179098,ensemble,True,False,pass
What is the brand copay set on this member's eligibility?,member_eligibility_copay,member_eligibility_copay,True,member_domain,member_domain,True,0.9997846492464425,0.7015666707042141,0.9997083857063137,ensemble,True,False,pass
Show the generic copay amount for this member.,member_eligibility_copay,member_eligibility_copay,True,member_domain,member_domain,True,0.99978080530159,0.7095961164254305,0.9997054989097871,ensemble,True,False,pass
Display the copay3 and copay4 values from eligibility.,member_eligibility_copay,member_eligibility_copay,True,member_domain,member_domain,True,0.9997610041104821,0.6500578064882385,0.999719200048148,ensemble,True,False,pass
Retrieve all four copay fields for this member.,member_eligibility_copay,member_eligibility_copay,True,member_domain,member_domain,True,0.9998227584836077,0.6718650644148569,0.9998019783997584,ensemble,True,False,pass
What are the copay amounts assigned to this member's plan?,member_eligibility_copay,member_eligibility_copay,True,member_domain,member_domain,True,0.999772112296776,0.7104567372461333,0.9996767114343587,ensemble,True,False,pass
What is the transition status for this member?,member_transition_status,member_transition_status,True,member_domain,member_domain,True,0.8999498065884417,0.7797279045281361,0.8999285047517871,ensemble,True,True,pass
Show the transition start date from the eligibility record.,member_transition_status,member_transition_status,True,member_domain,member_domain,True,0.8997835797499922,0.6575604175563694,0.899714420926296,ensemble,True,True,pass
Is this member currently in a transition period?,member_transition_status,member_transition_status,True,member_domain,member_domain,True,0.8998871123745679,0.7162776817199936,0.8998395710653516,ensemble,True,True,pass
Display the memberTransition status for this member.,member_transition_status,member_transition_status,True,member_domain,member_domain,True,0.8999191516160602,0.732819689083524,0.8998970426420608,ensemble,True,True,pass
When did the transition period start for this member?,member_transition_status,member_transition_status,True,member_domain,member_domain,True,0.8999148001110596,0.7354700055028238,0.8998847787789411,ensemble,True,True,pass
What is the DUR configuration key for this member?,member_dur_config,member_dur_config,True,member_domain,member_domain,True,0.9997700410157089,0.6749658031786275,0.9996786072099204,ensemble,True,False,pass
Show the drug utilization review process flag.,member_dur_config,member_dur_config,True,member_domain,member_domain,True,0.9996115020782163,0.6286583240679104,0.999444457525679,ensemble,True,False,pass
Is DUR processing enabled for this member?,member_dur_config,member_dur_config,True,member_domain,member_domain,True,0.9998362658500863,0.7019693498745312,0.9997665141000848,ensemble,True,False,pass
Display the drugUtilizationReviewKey for this member.,member_dur_config,member_dur_config,True,member_domain,member_domain,True,0.9998210311829634,0.6961365851023227,0.9997383850218409,ensemble,True,False,pass
Retrieve the member DUR review key and process flag.,member_dur_config,member_dur_config,True,member_domain,member_domain,True,0.9996676021655639,0.6450180981110307,0.999547781053515,ensemble,True,False,pass
What is the MBI number for this member?,member_mbi_number,member_mbi_number,True,member_domain,member_domain,True,0.9998026708810641,0.6661089941637451,0.9997809789942648,ensemble,True,False,pass
Show the Medicare Beneficiary Identifier on file.,member_mbi_number,member_mbi_number,True,member_domain,member_domain,True,0.999643206559085,0.623690182722455,0.9995481937267008,ensemble,True,False,pass
Retrieve the MBI from the Medicare Part D record.,member_mbi_number,member_mbi_number,True,member_domain,member_domain,True,0.9997029349060363,0.6518773398090478,0.9995692945785257,ensemble,True,False,pass
Display the mbiNumber for this member.,member_mbi_number,member_mbi_number,True,member_domain,member_domain,True,0.9997766540237655,0.6502011400617951,0.999750537347563,ensemble,True,False,pass
What MBI number is assigned to this member's Part D enrollment?,member_mbi_number,member_mbi_number,True,member_domain,member_domain,True,0.9636637796037607,0.3122624158353154,0.9424250582816315,ensemble,True,False,pass
Show the caretaker information for this Medicare member.,member_caretaker_info,member_caretaker_info,True,member_domain,member_domain,True,0.9996863040168196,0.6374700198898025,0.9995989595917972,ensemble,True,False,pass
Who is the caretaker on file for this member?,member_caretaker_info,member_caretaker_info,True,member_domain,member_domain,True,0.9998010117768643,0.6644449995316064,0.9997742535384332,ensemble,True,False,pass
Display the caretaker name and address from Part D.,member_caretaker_info,member_caretaker_info,True,member_domain,member_domain,True,0.9997341802725079,0.6452726880381511,0.9996409307529248,ensemble,True,False,pass
Is there a caretaker assigned to this member's Medicare record?,member_caretaker_info,member_caretaker_info,True,member_domain,member_domain,True,0.9989240719170853,0.5103518307864492,0.9987139831568959,ensemble,True,False,pass
Retrieve the caretaker details including city and state.,member_caretaker_info,member_caretaker_info,True,member_domain,member_domain,True,0.9997653555106589,0.6434026489346121,0.9997338422283165,ensemble,True,False,pass
What is the language preference for this member?,member_language_pref,member_language_pref,True,member_domain,member_domain,True,0.9999052404208002,0.7244123750930358,0.9998815621314473,ensemble,True,False,pass
Show the member language code on file.,member_language_pref,member_language_pref,True,member_domain,member_domain,True,0.9997849082827397,0.647076629553458,0.9997520105170721,ensemble,True,False,pass
Display the preferred language setting for this member.,member_language_pref,member_language_pref,True,member_domain,member_domain,True,0.9999237579733367,0.7377736542106772,0.9999123430314728,ensemble,True,False,pass
What language is set for communications with this member?,member_language_pref,member_language_pref,True,member_domain,member_domain,True,0.9997798498387757,0.6491131700214393,0.999753048744944,ensemble,True,False,pass
Retrieve the mbrLangCode from the member base record.,member_language_pref,member_language_pref,True,member_domain,member_domain,True,0.9996504018135492,0.6006307655851988,0.9996112113703329,ensemble,True,False,pass
What discount program is assigned to this member?,member_discount_program,member_discount_program,True,member_domain,member_domain,True,0.9998955105110183,0.7162656899609547,0.9998790123936855,ensemble,True,False,pass
Show the discount program type on the member record.,member_discount_program,member_discount_program,True,member_domain,member_domain,True,0.9996498879985124,0.6113748789492266,0.9995828372287552,ensemble,True,False,pass
Is this member enrolled in a discount program?,member_discount_program,member_discount_program,True,member_domain,member_domain,True,0.9997885370889155,0.655783965386888,0.9997563762183405,ensemble,True,False,pass
Display the discountProgramType for this member.,member_discount_program,member_discount_program,True,member_domain,member_domain,True,0.9996926021451225,0.6453931000171639,0.9995916933032132,ensemble,True,False,pass
Retrieve the discount program details for this member.,member_discount_program,member_discount_program,True,member_domain,member_domain,True,0.9998701909275243,0.70837256601082,0.9998438618630553,ensemble,True,False,pass
Does this member have an override plan on file?,member_override_plan,member_override_plan,True,member_domain,member_domain,True,0.9996412860239334,0.6403775379691872,0.9995054192972067,ensemble,True,False,pass
Show the member override plan ID from eligibility.,member_override_plan,member_override_plan,True,member_domain,member_domain,True,0.9997474450542527,0.6725439682729084,0.9996599264614396,ensemble,True,False,pass
Is an override plan configured for this member?,member_override_plan,member_override_plan,True,member_domain,member_domain,True,0.999694100993445,0.6581771323997523,0.9995581468521986,ensemble,True,False,pass
Display the memberOverridePlan from the eligibility record.,member_override_plan,member_override_plan,True,member_domain,member_domain,True,0.9996151181721598,0.6293535361436458,0.9994878624160957,ensemble,True,False,pass
What override plan is assigned to this member's eligibility?,member_override_plan,member_override_plan,True,member_domain,member_domain,True,0.999825981840245,0.7225085055690224,0.9997496419744898,ensemble,True,False,pass
What is the reason code on this prior authorization?,pa_reason_code,pa_reason_code,True,override_domain,override_domain,True,0.9900085435186289,0.3807909270772367,0.9847207546652295,ensemble,True,False,pass
Show the reason code assigned to PA JW012726LC.,pa_reason_code,pa_reason_code,True,override_domain,override_domain,True,0.9998031919708947,0.6586135608764951,0.9997793788969985,ensemble,True,False,pass
Display the PA reason code for this override.,pa_reason_code,pa_reason_code,True,override_domain,override_domain,True,0.2720234894101808,0.07731829438277413,0.06342104189496357,ensemble,False,False,disagreement
Is the reason code on this PA set to U1 or LC?,pa_reason_code,pa_reason_code,True,override_domain,override_domain,True,0.9989988981400092,0.5151322357003469,0.9988620986559186,ensemble,True,False,pass
Which PAs have reason code OD for this member?,pa_reason_code,pa_reason_code,True,override_domain,override_domain,True,0.99861607379225,0.464908819577829,0.9984950998279083,ensemble,True,False,pass
What are the effective dates for PA JW012726LC?,pa_effective_dates,pa_effective_dates,True,override_domain,override_domain,True,0.9957604888987922,0.40317979280739547,0.9950545476099911,ensemble,True,False,pass
Show the start and end dates on this prior authorization.,pa_effective_dates,pa_effective_dates,True,override_domain,override_domain,True,0.9999275452026893,0.7811286856777904,0.9998976228371491,ensemble,True,False,pass
When does this PA expire?,pa_effective_dates,pa_effective_dates,True,override_domain,override_domain,True,0.9997276645046985,0.6458963709326917,0.9996707587517363,ensemble,True,False,pass
Is this PA currently within its effective period?,pa_effective_dates,pa_effective_dates,True,override_domain,override_domain,True,0.9998467764905151,0.6939838050953089,0.9998303807776593,ensemble,True,False,pass
Display the dateBegin and dateEnd for this PA.,pa_effective_dates,pa_effective_dates,True,override_domain,override_domain,True,0.999881891072417,0.716772906735272,0.9998533300966154,ensemble,True,False,pass
What is the agent code on PA JW012726LC?,pa_agent_code,pa_agent_code,True,override_domain,override_domain,True,0.9996483161795416,0.6156763845208999,0.9995527446379524,ensemble,True,False,pass
Show the agent code assigned to this prior authorization.,pa_agent_code,pa_agent_code,True,override_domain,override_domain,True,0.9998654970696305,0.7206583313517767,0.9998235187574513,ensemble,True,False,pass
Who created this PA based on the agent code?,pa_agent_code,pa_agent_code,True,override_domain,override_domain,True,0.9997829233089822,0.6575453532224944,0.9997631319965634,ensemble,True,False,pass
Which PAs were created by agent code C?,pa_agent_code,pa_agent_code,True,override_domain,override_domain,True,0.9996816197941245,0.6200522428758848,0.9996291211863623,ensemble,True,False,pass
Display the agent code for each PA on this member.,pa_agent_code,pa_agent_code,True,override_domain,override_domain,True,0.9998459154201854,0.674950106771461,0.9998223044601419,ensemble,True,False,pass
What is the ignore status code on this PA?,pa_ignore_status,pa_ignore_status,True,override_domain,override_domain,True,0.9998457021776842,0.6871855763393456,0.999815191427133,ensemble,True,False,pass
Show the ignore status for PA JW012726LC.,pa_ignore_status,pa_ignore_status,True,override_domain,override_domain,True,0.9997847350211173,0.6523677242933166,0.9997592671651249,ensemble,True,False,pass
Is the ignore status code set to Y on this PA?,pa_ignore_status,pa_ignore_status,True,override_domain,override_domain,True,0.9998629505298059,0.6941701737578994,0.9998466668943358,ensemble,True,False,pass
Which PAs have ignore status P for this member?,pa_ignore_status,pa_ignore_status,True,override_domain,override_domain,True,0.9976528027354727,0.4434076771225062,0.9970678726322041,ensemble,True,False,pass
Display the ignoreStatusCode for this prior authorization.,pa_ignore_status,pa_ignore_status,True,override_domain,override_domain,True,0.9975776210116613,0.44312976329970233,0.9971325359895435,ensemble,True,False,pass
Does this PA override the specialty prescription reject?,pa_specialty_rx_override,pa_specialty_rx_override,True,override_domain,override_domain,True,0.9996083266780573,0.6293974232737076,0.9995176569947447,ensemble,True,False,pass
Show the specialty Rx override indicator for PA JW012726LC.,pa_specialty_rx_override,pa_specialty_rx_override,True,override_domain,override_domain,True,0.99958421621174,0.6270630861695508,0.9994499829927257,ensemble,True,False,pass
Is the specialty Rx reject indicator enabled on this PA?,pa_specialty_rx_override,pa_specialty_rx_override,True,override_domain,override_domain,True,0.999767017075454,0.6366629587766193,0.999741296876434,ensemble,True,False,pass
Which PAs have the specialty prescription override turned on?,pa_specialty_rx_override,pa_specialty_rx_override,True,override_domain,override_domain,True,0.9986626468281772,0.5168519320856619,0.9981112112595079,ensemble,True,False,pass
Display the overrideSpecialtyPrescriptionRejectIndicator for this PA.,pa_specialty_rx_override,pa_specialty_rx_override,True,override_domain,override_domain,True,0.9992497539848613,0.5493784439511313,0.9990632620701443,ensemble,True,False,pass
What is the clinical administration code on this PA?,pa_clinical_admin_code,pa_clinical_admin_code,True,override_domain,override_domain,True,0.9997766372600769,0.6750309709746118,0.9997346787916525,ensemble,True,False,pass
Show the clinical admin code for PA KMC0325261.,pa_clinical_admin_code,pa_clinical_admin_code,True,override_domain,override_domain,True,0.9995345728841568,0.5820650489992916,0.9994823316693763,ensemble,True,False,pass
Is there a clinical administration code set on this PA?,pa_clinical_admin_code,pa_clinical_admin_code,True,override_domain,override_domain,True,0.9997103657471981,0.634686952927564,0.99967447002591,ensemble,True,False,pass
Which PAs have clinical admin code C configured?,pa_clinical_admin_code,pa_clinical_admin_code,True,override_domain,override_domain,True,0.9964849593796957,0.3939592616905656,0.9961270581203682,ensemble,True,False,pass
Display the clinicalAdministrationCode for this PA.,pa_clinical_admin_code,pa_clinical_admin_code,True,override_domain,override_domain,True,0.9999695044085145,0.7980270122042716,0.9999654917786018,ensemble,True,False,pass
What is the transform care type on this PA?,pa_transform_care,pa_transform_care,True,override_domain,override_domain,True,0.9998698710920814,0.7090569076404596,0.9998402000053596,ensemble,True,False,pass
Show the transform care setting for PA JW012726LC.,pa_transform_care,pa_transform_care,True,override_domain,override_domain,True,0.9983658026449214,0.4713463065949404,0.9980496175875083,ensemble,True,False,pass
Is there a transform care type configured on this PA?,pa_transform_care,pa_transform_care,True,override_domain,override_domain,True,0.9998314725508811,0.6831678951807469,0.9998020939033446,ensemble,True,False,pass
Display the transformCare type for this prior authorization.,pa_transform_care,pa_transform_care,True,override_domain,override_domain,True,0.999421961758039,0.5902284640909647,0.9992887113881822,ensemble,True,False,pass
Which PAs have a transform care type assigned?,pa_transform_care,pa_transform_care,True,override_domain,override_domain,True,0.9996313557291354,0.6160040967636193,0.9995806166266372,ensemble,True,False,pass
Is follow me logic enabled on this PA?,pa_follow_me_logic,pa_follow_me_logic,True,override_domain,override_domain,True,0.8999848327772556,0.8305999735061896,0.8999829381639067,ensemble,True,True,pass
Show the follow me logic indicator for PA JW012726LC.,pa_follow_me_logic,pa_follow_me_logic,True,override_domain,override_domain,True,0.9999022002933985,0.7244367370537477,0.9998839828771348,ensemble,True,False,pass
Does this PA use follow me logic?,pa_follow_me_logic,pa_follow_me_logic,True,override_domain,override_domain,True,0.9999417350394166,0.7556505751856193,0.9999353075705477,ensemble,True,False,pass
Which PAs have the follow me indicator set to true?,pa_follow_me_logic,pa_follow_me_logic,True,override_domain,override_domain,True,0.9998461399640989,0.6797064505546344,0.9998318097352945,ensemble,True,False,pass
Display the followMeLogicIndicator for this prior authorization.,pa_follow_me_logic,pa_follow_me_logic,True,override_domain,override_domain,True,0.9942756829504646,0.3621164520124977,0.9932665714084924,ensemble,True,False,pass
What is the authorized drug type on this PA?,pa_drug_type_indicator,pa_drug_type_indicator,True,override_domain,override_domain,True,0.9998999347377936,0.760797276968646,0.9998639197572594,ensemble,True,False,pass
Show the drug type indicator for PA 20260127222.,pa_drug_type_indicator,pa_drug_type_indicator,True,override_domain,override_domain,True,0.9960371809545556,0.46510106326619816,0.9943157841835086,ensemble,True,False,pass
Is the drug type set to G for GPI or N for NDC on this PA?,pa_drug_type_indicator,pa_drug_type_indicator,True,override_domain,override_domain,True,0.9995693370098849,0.6370328900084645,0.9994112043559342,ensemble,True,False,pass
Which PAs use NDC-based drug matching?,pa_drug_type_indicator,pa_drug_type_indicator,True,override_domain,override_domain,True,0.9996952327486882,0.6280394470628234,0.9996621515193171,ensemble,True,False,pass
Display the authorizedDrugType for this prior authorization.,pa_drug_type_indicator,pa_drug_type_indicator,True,override_domain,override_domain,True,0.9970307340886927,0.4669225957725622,0.9961185785580489,ensemble,True,False,pass
When was PA JW012726LC last modified?,pa_modification_history,pa_modification_history,True,override_domain,override_domain,True,0.9951138670761914,0.418224967555047,0.9934711361478,ensemble,True,False,pass
Show the modification date and time for this PA.,pa_modification_history,pa_modification_history,True,override_domain,override_domain,True,0.9999729770365058,0.8282542283204111,0.9999641715856745,ensemble,True,False,pass
Which PA was most recently modified for this member?,pa_modification_history,pa_modification_history,True,override_domain,override_domain,True,0.9902573836314276,0.3543781990105587,0.9870499725951097,ensemble,True,False,pass
Display the modifyDateTime for this prior authorization.,pa_modification_history,pa_modification_history,True,override_domain,override_domain,True,0.9998783654639566,0.7150089506394677,0.9998525639106257,ensemble,True,False,pass
How recently was this PA updated?,pa_modification_history,pa_modification_history,True,override_domain,override_domain,True,0.9996522350951982,0.6686254323663186,0.99953719444376,ensemble,True,False,pass
Tell me a joke about pharmacists.,out_of_scope,out_of_scope,True,general,general,True,0.7630793693782192,0.1852815794332469,0.6493050894426613,ensemble,False,False,disagreement
How do I reset my password?,out_of_scope,out_of_scope,True,general,general,True,0.3038075082341435,0.08417361963693235,0.10946100020889585,ensemble,False,False,disagreement
Can you help me book a dentist appointment?,out_of_scope,out_of_scope,True,general,general,True,0.925873703864219,0.1782300360383967,0.9122951952269157,ensemble,True,False,pass
What are the side effects of aspirin?,out_of_scope,Pricing,False,general,claim_history_search,False,0.33648575779366124,0.0874756976285061,0.034346975966577035,ensemble,False,False,disagreement
Calculate my taxes for 2025.,out_of_scope,out_of_scope,True,general,general,True,0.9996698888530667,0.6191924030628786,0.9996231728375641,ensemble,True,False,pass
Convert 100 USD to Euros.,out_of_scope,out_of_scope,True,general,general,True,0.9804345040545405,0.3065498872692356,0.9691320371182109,ensemble,True,False,pass
xyzzy bazqux lorem ipsum dolor sit,out_of_scope,out_of_scope,True,general,general,True,0.994687312053547,0.36834012026465235,0.993915104984061,ensemble,True,False,pass
asdfjkl;asdfjkl;asdfjkl;,out_of_scope,out_of_scope,True,general,general,True,0.8954047112536044,0.458938161541829,0.8920172869419134,ensemble,True,True,pass
Tell me about the latest iPhone.,out_of_scope,out_of_scope,True,general,general,True,0.9997912557653277,0.6771707533745968,0.9997318654909223,ensemble,True,False,pass
Hey there!,greeting,greeting,True,general,general,True,0.8999779808184368,0.8260547043637426,0.8999693008908997,ensemble,True,True,pass
Yo!,greeting,greeting,True,general,general,True,0.8995039158032146,0.6722033989230465,0.8991054522599766,ensemble,True,True,pass
"Hi, how are you doing today?",greeting,greeting,True,general,general,True,0.894606391784136,0.44903799564667873,0.8904216984959059,ensemble,True,True,pass
What's up?,greeting,greeting,True,general,general,True,0.899608438797167,0.6734136813596459,0.8993250321797815,ensemble,True,True,pass
Greetings and salutations.,greeting,greeting,True,general,general,True,0.8989032514949732,0.5437544444156881,0.898329772538525,ensemble,True,True,pass
How do I use this system to look up claims?,help,help,True,general,general,True,0.9875434807099662,0.46375789933849365,0.9764880066246641,ensemble,True,False,pass
What can you help me with?,help,help,True,general,general,True,0.9846687963857298,0.3323351418482755,0.9785679829986731,ensemble,True,False,pass
I need help understanding how to query member information.,help,help,True,general,general,True,0.8960043712267859,0.48174431296758274,0.8930289344856884,ensemble,True,True,pass
Can you guide me through the claim lookup process?,help,help,True,general,general,True,0.9658809738343611,0.36484736766533615,0.9360143222226708,ensemble,True,False,pass
What commands or questions can I ask you?,help,help,True,general,general,True,0.8571205407296472,0.2107671504462998,0.8289953221795835,ensemble,False,False,disagreement
What happened to this claim overall?,claim_status,claim_status,True,cap_api,cap_api,True,0.9969987175216192,0.49355090605726026,0.9957453206276752,ensemble,True,False,pass
Just give me the full summary of claim 999999999999999.,claim_status,claim_status,True,cap_api,cap_api,True,0.993679682494935,0.4538045360177224,0.9895187291790202,ensemble,True,False,pass
Can you tell me everything about this claim?,claim_status,claim_status,True,cap_api,cap_api,True,0.9957586294658256,0.4418194543671633,0.9947527055562353,ensemble,True,False,pass
How can I fix this rejected claim?,rejection_reasons,rejection_reasons,True,cap_api,cap_api,True,0.89816246791929,0.5192695939976337,0.8972269456153865,ensemble,True,True,pass
What steps should I take to overturn the denial?,rejection_reasons,rejection_reasons,True,cap_api,cap_api,True,0.8988913394086849,0.548687479372716,0.8983322896009444,ensemble,True,True,pass
"My claim was rejected with code 75, what does that mean?",rejection_reasons,RejectCode,False,cap_api,claim_history_search,False,0.9900690546227643,0.37240386966254946,0.9858745669567516,ensemble,True,False,pass
Break down the total cost including copay and dispensing fee.,pricing_info,pricing_info,True,cap_api,cap_api,True,0.7477637717842296,0.3060087572500797,0.7056041420930684,ensemble,False,True,disagreement
What is the patient responsibility for this fill?,pricing_info,medicare_part_d,False,cap_api,cap_api,True,0.44645941958763175,0.11361044408921682,0.35652587922793,ensemble,False,True,disagreement
Was any transition fill or plan override triggered for claim 123456789?,approval_info,approval_info,True,benefits_api,benefits_api,True,0.8932207402232409,0.3739721753546755,0.8902478152851746,ensemble,True,True,pass
Explain the approval pathway including BPG configuration.,approval_info,approval_info,True,benefits_api,benefits_api,True,0.9921925670417786,0.35832976775318814,0.9897873026785869,ensemble,True,False,pass
