Prompt,actual_intent,predicted_intent,intent_match,actual_domain,predicted_domain,domain_match,confidence,raw_confidence,margin,source,agreement,is_confusion_pair,gate_reason
What is the current adjudication outcome for claim 242905816136000 sequence 003?,claim_status,claim_status,True,cap_api,cap_api,True,0.5153552566756487,0.644194070900894,0.48920250217116235,ensemble,True,True,confusion_prone
Tell me whether claim 150692388845000 was paid or denied.,claim_status,rejection_reasons,False,cap_api,cap_api,True,0.22204227797386134,0.32653276175432816,0.16844905787312725,ensemble,False,True,disagreement
Has this claim been fully processed yet?,claim_status,claim_status,True,cap_api,cap_api,True,0.47040744069389245,0.47040744073475876,0.43511367426917563,ensemble,True,False,confusion_prone
Claim 230381673488000 sequence 001 overall status.,claim_status,multi_claim_summary,False,cap_api,cap_api,True,0.05026777591661361,0.09139595621915896,0.006272294499202741,ensemble,False,False,disagreement
Give me a quick rundown of what happened to this claim.,claim_status,claim_status,True,cap_api,cap_api,True,0.4396186378031326,0.4396186378412585,0.41173419877160017,ensemble,True,False,confusion_prone
Paid or rejected? Claim 211263773300000 sequence 004.,claim_status,rejection_reasons,False,cap_api,cap_api,True,0.14937901696851238,0.21967502497224564,0.020969175234657994,ensemble,False,True,disagreement
I just need to know if this claim went through.,claim_status,claim_status,True,cap_api,cap_api,True,0.28475645000980904,0.3559455625429404,0.25649077496741984,ensemble,True,True,pass
Pull the adjudication result for claim 220992183436835 sequence 002.,claim_status,claim_status,True,cap_api,cap_api,True,0.26588544969409617,0.26588544971676,0.17883001223743034,ensemble,True,False,pass
What is the final disposition on this prescription claim?,claim_status,claim_status,True,cap_api,cap_api,True,0.1830323704786974,0.21533220058133812,0.10798719209692098,ensemble,False,False,disagreement
Status check on claim 201752592251000 sequence 001 please.,claim_status,claim_status,True,cap_api,cap_api,True,0.43204855537722153,0.5400606942685926,0.40533056191239236,ensemble,True,True,confusion_prone
Can you give me a summary of all claims on file for this member?,multi_claim_summary,multi_claim_summary,True,cap_api,cap_api,True,0.13455335392368334,0.15829806345271602,0.012254824904955481,ensemble,False,False,disagreement
I need a complete overview of every claim submitted under this member ID.,multi_claim_summary,Status,False,cap_api,claim_history_search,False,0.16068992146900743,0.18904696644995153,0.026416776106398834,ensemble,False,False,disagreement
Show me all the claims this member has had processed.,multi_claim_summary,Status,False,cap_api,claim_history_search,False,0.1036518243124392,0.14807403474423458,0.021995042041284753,ensemble,False,False,disagreement
Full claims history overview for this member please.,multi_claim_summary,date_range_claims,False,cap_api,claim_history_search,False,0.17228365148681163,0.20268664882505275,0.09482302839588813,ensemble,False,False,disagreement
Pull up a consolidated summary of this member's entire claims list.,multi_claim_summary,multi_claim_summary,True,cap_api,cap_api,True,0.39184568141174153,0.3918456814456158,0.34089951901806276,ensemble,True,False,pass
How many total claims does this member have and what are they?,multi_claim_summary,multi_claim_summary,True,cap_api,cap_api,True,0.13433399971619914,0.15803999967918217,0.010475485895033365,ensemble,False,False,disagreement
List every claim associated with member 44781239.,multi_claim_summary,multi_claim_summary,True,cap_api,cap_api,True,0.15651306246311475,0.18413301467787582,0.09887906364041714,ensemble,False,False,disagreement
Multi-claim summary for this patient.,multi_claim_summary,multi_claim_summary,True,cap_api,cap_api,True,0.3280211964413474,0.3280211964695413,0.2948313568141807,ensemble,True,False,pass
Aggregate all claims for this individual and show me the highlights.,multi_claim_summary,pa_summary,False,cap_api,override_domain,False,0.13737590191326313,0.196251288463985,0.05929000836668861,ensemble,False,False,disagreement
I want to see the big picture on all claims for this member.,multi_claim_summary,multi_claim_summary,True,cap_api,cap_api,True,0.3281830803224156,0.3281830803506239,0.2663920766310446,ensemble,True,False,pass
Which pharmacy location filled claim 201503823714118 sequence 001?,pharmacy_info,pharmacy_info,True,cap_api,cap_api,True,0.6579651056637804,0.6579651057213394,0.6310187555548282,ensemble,True,False,pass
Dispensing pharmacy name and address for this claim.,pharmacy_info,pharmacy_info,True,cap_api,cap_api,True,0.6722010423258891,0.6722010423847141,0.6451173390591273,ensemble,True,False,pass
What is the NCPDP number for the pharmacy on this fill?,pharmacy_info,pharmacy_info,True,cap_api,cap_api,True,0.32623256734470146,0.3838030204386899,0.2930111347413313,ensemble,False,False,disagreement
Where was this prescription physically dispensed?,pharmacy_info,pharmacy_info,True,cap_api,cap_api,True,0.575068341982945,0.5750683420331258,0.5561629078779399,ensemble,True,False,pass
Pharmacy details for claim 230624075311000 sequence 002.,pharmacy_info,pharmacy_info,True,cap_api,cap_api,True,0.9267463056809422,0.9267463057624222,0.9232552566777875,ensemble,True,False,pass
What store filled this medication?,pharmacy_info,pharmacy_info,True,cap_api,cap_api,True,0.5251984679359987,0.5251984679817414,0.49902872368336126,ensemble,True,False,pass
Can you look up the dispensing pharmacy for claim 221172865083001?,pharmacy_info,pharmacy_info,True,cap_api,cap_api,True,0.5402930498897296,0.5402930499368153,0.5102412525780444,ensemble,True,False,pass
Tell me the pharmacy name and store number on this claim.,pharmacy_info,pharmacy_info,True,cap_api,cap_api,True,0.6012311756164503,0.6012311756689593,0.5612077006729494,ensemble,True,False,pass
NCPDP and location of the dispensing pharmacy.,pharmacy_info,pharmacy_info,True,cap_api,cap_api,True,0.3795177249781785,0.3795177250109554,0.35050808449313703,ensemble,True,False,pass
Which CVS or retail location processed this prescription?,pharmacy_info,pharmacy_info,True,cap_api,cap_api,True,0.4123128663458962,0.4123128663815922,0.38368784202458434,ensemble,True,False,pass
Who prescribed the medication on claim 180571470939000 sequence 001?,prescriber_info,prescriber_info,True,cap_api,cap_api,True,0.905700846366962,0.905700846446569,0.9008461780989596,ensemble,True,False,pass
Physician name and NPI for this claim.,prescriber_info,prescriber_info,True,cap_api,cap_api,True,0.5680734837639575,0.5680734838135161,0.5481008810981758,ensemble,True,False,pass
Prescribing doctor credentials for claim 220133725669000 sequence 001.,prescriber_info,prescriber_info,True,cap_api,cap_api,True,0.48365583898413533,0.4836558390261806,0.4649368306074466,ensemble,True,False,pass
What is the NPI of the prescriber on this fill?,prescriber_info,prescriber_info,True,cap_api,cap_api,True,0.41366262083680083,0.41366262087261696,0.3829911787519277,ensemble,True,False,pass
Tell me the doctor's information for this prescription.,prescriber_info,prescriber_info,True,cap_api,cap_api,True,0.5251170798866498,0.5251170799323855,0.48249452000898424,ensemble,True,False,pass
Show prescriber details on claim 231865207544000 sequence 001.,prescriber_info,prescriber_info,True,cap_api,cap_api,True,0.5910076935632049,0.5910076936148044,0.5775484688524936,ensemble,True,False,pass
Who wrote this script?,prescriber_info,out_of_scope,False,cap_api,general,False,0.10490407021675259,0.1907346731373438,0.060979778676097496,ensemble,False,False,disagreement
Can I see the prescribing physician's name and license?,prescriber_info,prescriber_info,True,cap_api,cap_api,True,0.45886209203231887,0.45886209207215756,0.4317572995231686,ensemble,True,False,pass
Prescriber info claim 201990819198000 sequence 001.,prescriber_info,prescriber_info,True,cap_api,cap_api,True,0.305538808909409,0.30553880893560204,0.2678714459900294,ensemble,True,False,pass
What provider is associated with this prescription claim?,prescriber_info,prescriber_info,True,cap_api,cap_api,True,0.38361180781287363,0.38361180784601473,0.33951379264084103,ensemble,True,False,pass
Break down the copay and ingredient cost for claim 132435151040074 sequence 001.,pricing_info,pricing_info,True,cap_api,cap_api,True,0.2234899475705115,0.32866168763194437,0.12807370937491477,ensemble,False,True,disagreement
What did the patient end up paying out of pocket on this claim?,pricing_info,pricing_info,True,cap_api,cap_api,True,0.31796399639016315,0.317963996417462,0.26608371500610234,ensemble,True,False,confusion_prone
Dispensing fee and total cost breakdown for this fill.,pricing_info,pricing_info,True,cap_api,cap_api,True,0.2930777789199807,0.34479738699437007,0.26143130699225675,ensemble,False,False,disagreement
How much was the copay on claim 220133725669000 sequence 001?,pricing_info,pricing_info,True,cap_api,cap_api,True,0.40787485254888467,0.479852767746277,0.3363974194965128,ensemble,False,False,disagreement
Patient pay amount for this prescription.,pricing_info,pricing_info,True,cap_api,cap_api,True,0.4209438540084092,0.4209438540448731,0.3771620406893605,ensemble,True,False,confusion_prone
Claim 242905816136000 sequence 001 cost summary.,pricing_info,pricing_info,True,cap_api,cap_api,True,0.39240555990563963,0.39240555993956383,0.34858851211113046,ensemble,True,False,confusion_prone
U&C price versus the plan-paid amount on this claim.,pricing_info,beneficiary_info,False,cap_api,benefits_api,False,0.060476152827738806,0.10995664151376577,0.001104808484538497,ensemble,False,False,disagreement
Ingredient cost and member responsibility for claim 150692388845000.,pricing_info,compound_info,False,cap_api,claim_history_search,False,0.1593489499011401,0.23433669105094435,0.08874890004943653,ensemble,False,True,disagreement
What was the total amount billed on this fill?,pricing_info,pricing_info,True,cap_api,cap_api,True,0.33901423532331343,0.33901423535248565,0.30707870655679387,ensemble,True,False,confusion_prone
Show the pricing breakdown including AWP and dispensing fee.,pricing_info,pricing_info,True,cap_api,cap_api,True,0.22072356331903492,0.2596747803974462,0.1599713638593723,ensemble,False,False,disagreement
How much did the plan reimburse the pharmacy for this claim?,reimbursement_info,reimbursement_info,True,cap_api,cap_api,True,0.21636523634126603,0.2545473368937324,0.17823031029868877,ensemble,False,False,disagreement
Total payment to the dispensing pharmacy on claim 220992183436835.,reimbursement_info,reimbursement_info,True,cap_api,cap_api,True,0.2458043769458781,0.2891816199610643,0.1787213884556742,ensemble,False,False,disagreement
Pharmacy reimbursement amount for this fill.,reimbursement_info,reimbursement_info,True,cap_api,cap_api,True,0.3129171433252955,0.36813781570858234,0.2886107021444158,ensemble,False,False,disagreement
What amount was paid out to the pharmacy?,reimbursement_info,reimbursement_info,True,cap_api,cap_api,True,0.35200067972614824,0.3520006797564762,0.31458537702189276,ensemble,True,False,pass
Show the reimbursement calculation for claim 201503823714118 sequence 001.,reimbursement_info,reimbursement_info,True,cap_api,cap_api,True,0.5738517721007238,0.5738517721507964,0.5470511790442395,ensemble,True,False,pass
Reimbursement details and rationale for this claim.,reimbursement_info,reimbursement_info,True,cap_api,cap_api,True,0.34166140803066514,0.34166140806007306,0.27088272621605447,ensemble,True,False,pass
How did the plan determine the pharmacy payment amount?,reimbursement_info,reimbursement_info,True,cap_api,cap_api,True,0.2171069682419169,0.25541996265928163,0.1705599459668202,ensemble,False,False,disagreement
Was the pharmacy paid MAC or AWP on this fill?,reimbursement_info,pharmacy_info,False,cap_api,cap_api,True,0.10996952239375932,0.1293759087090548,0.052267912804814,ensemble,False,False,disagreement
Payment made to pharmacy for claim 230381673488000 sequence 001.,reimbursement_info,reimbursement_info,True,cap_api,cap_api,True,0.33551462304111984,0.33551462306998087,0.3001599115912028,ensemble,True,False,pass
What was the final reimbursement to the dispensing location?,reimbursement_info,reimbursement_info,True,cap_api,cap_api,True,0.2584161454301353,0.3040189946497463,0.19612223728962808,ensemble,False,False,disagreement
Why did claim 211263773300000 sequence 004 get denied?,rejection_reasons,rejection_reasons,True,cap_api,cap_api,True,0.4433729281593645,0.5542161602475308,0.42478711374249206,ensemble,True,True,confusion_prone
What reject codes came back on this claim?,rejection_reasons,rejection_reasons,True,cap_api,cap_api,True,0.26581665817564903,0.3127254802334785,0.061748414597560135,ensemble,False,False,disagreement
Show me the failed edits for claim 150692388845000 sequence 001.,rejection_reasons,rejection_reasons,True,cap_api,cap_api,True,0.43875771892394216,0.4387577189619916,0.35830494857859513,ensemble,True,False,confusion_prone
"This claim was denied — why, and how can I resolve it?",rejection_reasons,rejection_reasons,True,cap_api,cap_api,True,0.6351935054138266,0.6351935054693593,0.6152550259741684,ensemble,True,False,pass
What NCPDP rejection codes were returned?,rejection_reasons,RejectCode,False,cap_api,claim_history_search,False,0.2806634942946627,0.2806634943186417,0.19288846659909628,ensemble,True,False,pass
Explain the denial reason on claim 220133725669000 sequence 001.,rejection_reasons,rejection_reasons,True,cap_api,cap_api,True,0.6491081010725458,0.6491081011293159,0.6209228095608175,ensemble,True,False,pass
Claim 242905816136000 sequence 001: rejection explanation.,rejection_reasons,rejection_reasons,True,cap_api,cap_api,True,0.5743783980117578,0.574378398061877,0.5497849865852821,ensemble,True,False,pass
What edits failed on this claim and what are the override options?,rejection_reasons,rejection_reasons,True,cap_api,cap_api,True,0.35597188548909015,0.355971885519772,0.29144334433614216,ensemble,True,False,confusion_prone
Tell me why this prescription could not be processed.,rejection_reasons,rx_details,False,cap_api,cap_api,True,0.1318710721920178,0.15514243788576976,0.0022586734611508897,ensemble,False,False,disagreement
Rejection codes and resolution steps for this fill.,rejection_reasons,rejection_reasons,True,cap_api,cap_api,True,0.21422824727894804,0.2677853091215179,0.18955799003880502,ensemble,True,True,pass
What are the pharmacy response codes on claim 201752592251000?,settlement_info,settlement_info,True,cap_api,cap_api,True,0.4950179922366081,0.4950179922796648,0.4772632233250505,ensemble,True,False,confusion_prone
Show settlement feedback for this claim.,settlement_info,settlement_info,True,cap_api,cap_api,True,0.45394730345178713,0.5674341293642355,0.4359734805898418,ensemble,True,True,confusion_prone
Feedback codes for claim 220133725669000 sequence 001.,settlement_info,settlement_info,True,cap_api,cap_api,True,0.519788592608673,0.5197885926539342,0.4977307620837582,ensemble,True,False,confusion_prone
What did the pharmacy system return as the settlement?,settlement_info,settlement_info,True,cap_api,cap_api,True,0.3281312646134189,0.4101640808022784,0.2964152857546378,ensemble,True,True,confusion_prone
Settlement code and response info for this specific claim.,settlement_info,settlement_info,True,cap_api,cap_api,True,0.4941446551772477,0.6176808190255337,0.43921134414786356,ensemble,True,True,confusion_prone
Claim 230624075311000 sequence 002 settlement details.,settlement_info,settlement_info,True,cap_api,cap_api,True,0.6141103706174803,0.6141103706711367,0.5907788017921667,ensemble,True,False,pass
What are the pharmacy feedback messages on this fill?,settlement_info,settlement_info,True,cap_api,cap_api,True,0.36835284667887597,0.36835284671065927,0.3442462705188457,ensemble,True,False,confusion_prone
Pull the settlement response code for claim 242905816136000.,settlement_info,settlement_info,True,cap_api,cap_api,True,0.33991640929283173,0.4998770725329478,0.27710641608806824,ensemble,False,True,disagreement
What response was sent back to the pharmacy on this claim?,settlement_info,settlement_info,True,cap_api,cap_api,True,0.5190217671145695,0.5190217671597624,0.4942209464886237,ensemble,True,False,confusion_prone
Show me the NCPDP response fields for this transaction.,settlement_info,settlement_info,True,cap_api,cap_api,True,0.14788009904020682,0.2688729073687603,0.12422092692899044,ensemble,False,False,disagreement
What is the prescription number on claim 132435151040074 sequence 001?,rx_details,rx_details,True,cap_api,cap_api,True,0.44037630577887776,0.44037630581707116,0.3875481436786919,ensemble,True,False,pass
How many days supply was dispensed on this fill?,rx_details,rx_details,True,cap_api,cap_api,True,0.27706235051635586,0.3259557065178403,0.1419507365817811,ensemble,False,False,disagreement
Show the RX number and quantity for claim 201503823714118.,rx_details,rx_details,True,cap_api,cap_api,True,0.5396808502146748,0.5396808502617064,0.5236068903218193,ensemble,True,False,pass
What fill number is this — is it original or a refill?,rx_details,Refills,False,cap_api,claim_history_search,False,0.32018749921591666,0.32018749924341333,0.2758290316828508,ensemble,True,False,pass
RX details for claim 220992183436835 sequence 002.,rx_details,rx_details,True,cap_api,cap_api,True,0.4834513363336648,0.48345133637569204,0.4526502941263901,ensemble,True,False,pass
Drug strength and dosage form on this claim.,rx_details,rx_details,True,cap_api,cap_api,True,0.13269432625517855,0.18956332323755487,0.0946930215474789,ensemble,False,False,disagreement
Quantity dispensed and days supply for this prescription.,rx_details,rx_details,True,cap_api,cap_api,True,0.5546727441274717,0.5546727441758373,0.5195386431492077,ensemble,True,False,pass
What is the fill count for claim 230381673488000?,rx_details,pa_claim_usage,False,cap_api,override_domain,False,0.24175407766783077,0.24175407768834692,0.07405285176395915,ensemble,True,False,pass
Tell me the prescription specifics — RX number and quantity.,rx_details,rx_details,True,cap_api,cap_api,True,0.5600495104497998,0.560049510498644,0.5427529416999124,ensemble,True,False,pass
Is this a new fill or a continuation?,rx_details,government_claim_type,False,cap_api,cap_api,True,0.0698130670181181,0.12693284913414812,0.02236366010898312,ensemble,False,False,disagreement
Was claim 201503823714118 sequence 001 reversed?,reversal_info,reversal_info,True,cap_api,cap_api,True,0.9118278482257605,0.9118278483059136,0.9080829483651155,ensemble,True,False,pass
Show me the R&R details for this claim.,reversal_info,reversal_info,True,cap_api,cap_api,True,0.5408989879679522,0.5408989880150922,0.5203180933014755,ensemble,True,False,pass
Is there a reversal or resubmission on claim 242905816136000?,reversal_info,reversal_info,True,cap_api,cap_api,True,0.46259877056020104,0.462598770600372,0.4420349239972793,ensemble,True,False,pass
Has this claim been adjusted or reversed?,reversal_info,reversal_info,True,cap_api,cap_api,True,0.5811697925598174,0.5811697926105411,0.5598599292069405,ensemble,True,False,pass
Reversal and rebill information for this fill.,reversal_info,reversal_info,True,cap_api,cap_api,True,0.35769990097668164,0.35769990100751703,0.3401697067371444,ensemble,True,False,pass
Claim 220133725669000 sequence 001: was it reversed and resubmitted?,reversal_info,reversal_info,True,cap_api,cap_api,True,0.49349142200511326,0.4934914220480342,0.4640906425208514,ensemble,True,False,pass
Any manual adjustments or R&R activity on this claim?,reversal_info,reversal_info,True,cap_api,cap_api,True,0.444445610288604,0.44444561032715957,0.4164438019163525,ensemble,True,False,pass
Did the pharmacy reverse and rebill this prescription?,reversal_info,reversal_info,True,cap_api,cap_api,True,0.34451325374097286,0.34451325377063463,0.30898448277970064,ensemble,True,False,pass
Show reversal history for claim 150692388845000.,reversal_info,reversal_info,True,cap_api,cap_api,True,0.5165971403361306,0.516597140381108,0.490400779242527,ensemble,True,False,pass
Tell me if there was a claim reversal on this transaction.,reversal_info,reversal_info,True,cap_api,cap_api,True,0.35725540670708905,0.3572554067378849,0.3309962912930878,ensemble,True,False,pass
Is there coordination of benefits on claim 220992183436835 sequence 002?,cob_info,cob_info,True,cap_api,cap_api,True,0.3892156975334732,0.38921569756711344,0.35816240292224766,ensemble,True,False,pass
Show COB details for this claim.,cob_info,cob_info,True,cap_api,cap_api,True,0.5284235037586839,0.5284235038047137,0.4978231658398271,ensemble,True,False,pass
Was a secondary payer involved in this claim?,cob_info,cob_info,True,cap_api,cap_api,True,0.30599349842143453,0.3599923511150802,0.20841018912767986,ensemble,False,False,disagreement
Coordination of benefits summary for claim 201752592251000.,cob_info,cob_info,True,cap_api,cap_api,True,0.5911250770577472,0.5911250771093571,0.5736129342135663,ensemble,True,False,pass
Did another insurance pay before this plan?,cob_info,alternate_insurance,False,cap_api,member_domain,False,0.2700884733090565,0.2700884733320943,0.2216131554158976,ensemble,True,False,pass
Other payer information on this fill.,cob_info,alternate_insurance,False,cap_api,member_domain,False,0.04588497572203521,0.0834272285919436,0.017922964374807858,ensemble,False,False,disagreement
COB breakdown for claim 211263773300000 sequence 004.,cob_info,cob_info,True,cap_api,cap_api,True,0.46494775559887824,0.4649477556392583,0.4309579903061119,ensemble,True,False,pass
Is this member dual-covered and how did COB apply to this claim?,cob_info,cob_info,True,cap_api,cap_api,True,0.4236613619331281,0.42366136196983395,0.3957028336906365,ensemble,True,False,pass
What was the other insurance payment on this prescription?,cob_info,alternate_insurance,False,cap_api,member_domain,False,0.20241436333017618,0.2024143633471911,0.08432648802638415,ensemble,True,False,pass
Show me secondary coverage details applied to this specific claim.,cob_info,cob_info,True,cap_api,cap_api,True,0.29145184481301745,0.3428845233389491,0.18232620516371623,ensemble,False,False,disagreement
Are there generic alternatives available for the drug on this claim?,generic_availability,generic_availability,True,cap_api,cap_api,True,0.6745901462900861,0.8432376829366559,0.6645482787385567,ensemble,True,True,pass
Is a generic substitute available for this medication?,generic_availability,generic_availability,True,cap_api,cap_api,True,0.4638617571150323,0.5798271964443952,0.4366655950022897,ensemble,True,True,confusion_prone
Show therapeutic equivalents for claim 132435151040074.,generic_availability,generic_availability,True,cap_api,cap_api,True,0.3840078040315171,0.48000975508111743,0.32898126345054957,ensemble,True,True,confusion_prone
Can this prescription be switched to a generic version?,generic_availability,daw_info,False,cap_api,cap_api,True,0.2039719447039363,0.239966993789694,0.030842613230147985,ensemble,False,False,disagreement
Generic substitution options for this drug.,generic_availability,generic_availability,True,cap_api,cap_api,True,0.4954648507559388,0.6193310634990432,0.4554704787986462,ensemble,True,True,confusion_prone
Does a formulary alternative exist for this medication?,generic_availability,generic_availability,True,cap_api,cap_api,True,0.6372635965500739,0.6372635966057905,0.6080912248223654,ensemble,True,False,pass
What generic equivalents are on the formulary?,generic_availability,generic_availability,True,cap_api,cap_api,True,0.27920312699679734,0.3490039087760581,0.23355032311661944,ensemble,True,True,pass
Is there a cheaper generic version of this drug available?,generic_availability,generic_availability,True,cap_api,cap_api,True,0.37547444539188213,0.46934305678062405,0.3596568710085626,ensemble,True,True,confusion_prone
Therapeutic alternatives for the medication on this fill.,generic_availability,generic_availability,True,cap_api,cap_api,True,0.44756689733536764,0.44756689737420097,0.4320059566642731,ensemble,True,False,confusion_prone
Check if a generic is available for this NDC.,generic_availability,generic_availability,True,cap_api,cap_api,True,0.3420341369161617,0.42754267118225325,0.3151375765389359,ensemble,True,True,confusion_prone
What is the dispense as written code on claim 132435151040074?,daw_info,daw_info,True,cap_api,cap_api,True,0.41821048469420974,0.4182104847304305,0.39128730425311925,ensemble,True,False,pass
Is this prescription DAW or was substitution allowed?,daw_info,daw_info,True,cap_api,cap_api,True,0.4912724375121946,0.49127243755491834,0.4721931564207045,ensemble,True,False,pass
Show the DAW indicator for this fill.,daw_info,daw_info,True,cap_api,cap_api,True,0.3373967521526236,0.3373967521816521,0.3096894286005153,ensemble,True,False,pass
Was the brand name required by the prescriber on this claim?,daw_info,daw_info,True,cap_api,cap_api,True,0.3553424243375829,0.35534242436820834,0.27563471068998147,ensemble,True,False,pass
DAW code for claim 220133725669000 sequence 001.,daw_info,daw_info,True,cap_api,cap_api,True,0.33941925148666485,0.3394192515158735,0.26158357226694595,ensemble,True,False,pass
Did the doctor mandate brand on this prescription?,daw_info,daw_info,True,cap_api,cap_api,True,0.28089577934304183,0.3304656227849313,0.19954800415891452,ensemble,False,False,disagreement
What DAW was applied — was generic substitution blocked?,daw_info,daw_info,True,cap_api,cap_api,True,0.42898993017682785,0.4289899302140081,0.3975326942553268,ensemble,True,False,pass
Tell me the substitution status for this claim.,daw_info,daw_info,True,cap_api,cap_api,True,0.3411882192828959,0.4013979050734256,0.27665457123534015,ensemble,False,False,disagreement
Check the dispense as written indicator on claim 201503823714118.,daw_info,daw_info,True,cap_api,cap_api,True,0.3974178666037633,0.3974178666381336,0.36560800222095263,ensemble,True,False,pass
Is this a DAW 1 or DAW 0 claim?,daw_info,daw_info,True,cap_api,cap_api,True,0.4275018719748648,0.42750187201191264,0.4028409684890772,ensemble,True,False,pass
DAW?,daw_info,daw_info,True,cap_api,cap_api,True,0.3468017246168798,0.4080020289963476,0.2727044250947513,ensemble,False,False,disagreement
Was the pharmacist allowed to substitute on this script?,daw_info,daw_info,True,cap_api,cap_api,True,0.2774609187528871,0.326424610325566,0.23339151732192806,ensemble,False,False,disagreement
Brand required by prescriber or patient preference?,daw_info,daw_info,True,cap_api,cap_api,True,0.32959414225555544,0.38775781445181123,0.27271999171946426,ensemble,False,False,disagreement
What substitution code is on file for this fill?,daw_info,daw_info,True,cap_api,cap_api,True,0.146641281657629,0.14664128166968005,0.06352323035903241,ensemble,True,False,pass
Show whether generic substitution was permitted on this claim.,daw_info,daw_info,True,cap_api,cap_api,True,0.5732382611680592,0.5732382612180768,0.5066874719729483,ensemble,True,False,pass
Was this claim processed under a government program?,government_claim_type,government_claim_type,True,cap_api,cap_api,True,0.27375331137289793,0.2737533113962621,0.2050235711535592,ensemble,True,False,pass
Is this a Medicare or Medicaid claim?,government_claim_type,government_claim_type,True,cap_api,cap_api,True,0.46732445561580566,0.4673244556563973,0.43510534674531004,ensemble,True,False,pass
Government claim classification for claim 242905816136000 sequence 001.,government_claim_type,government_claim_type,True,cap_api,cap_api,True,0.6148405622520391,0.61484056230576,0.6005347298715694,ensemble,True,False,pass
What federal program does this claim fall under?,government_claim_type,government_claim_type,True,cap_api,cap_api,True,0.38090601639002053,0.38090601642292116,0.33439198644976775,ensemble,True,False,pass
Is this a commercial or government-sponsored claim?,government_claim_type,government_claim_type,True,cap_api,cap_api,True,0.34039062189360353,0.34039062192289843,0.297432644465895,ensemble,True,False,pass
Show the government claim type indicator for this fill.,government_claim_type,government_claim_type,True,cap_api,cap_api,True,0.48164920165305336,0.4816492016949202,0.45594553797412873,ensemble,True,False,pass
Was this prescription covered under Medicaid managed care?,government_claim_type,daw_info,False,cap_api,cap_api,True,0.08398718814233112,0.11998169735586572,0.01911780638857972,ensemble,False,False,disagreement
Claim type — Medicare Part D or commercial?,government_claim_type,government_claim_type,True,cap_api,cap_api,True,0.40274154184161004,0.40274154187645406,0.3538482639045886,ensemble,True,False,pass
Is this claim subject to state Medicaid rules?,government_claim_type,beneficiary_info,False,cap_api,benefits_api,False,0.10932339549863004,0.1987698100141997,0.06915059674490596,ensemble,False,False,disagreement
Tell me the program classification for this prescription claim.,government_claim_type,government_claim_type,True,cap_api,cap_api,True,0.4076539709408734,0.4076539709761544,0.36353245970653913,ensemble,True,False,pass
What program type was this claim processed under?,government_claim_type,government_claim_type,True,cap_api,cap_api,True,0.32371684114479937,0.3237168411726104,0.2583807493683557,ensemble,True,False,pass
Government program indicator on claim 201752592251000.,government_claim_type,government_claim_type,True,cap_api,cap_api,True,0.4050399357906548,0.4050399358257035,0.37358873760096767,ensemble,True,False,pass
Govt claim type?,government_claim_type,government_claim_type,True,cap_api,cap_api,True,0.5301045303892241,0.5301045304354036,0.5091051653286558,ensemble,True,False,pass
Was this filled under a state or federal plan?,government_claim_type,government_claim_type,True,cap_api,cap_api,True,0.18982794426842753,0.22332699327584965,0.15853271993680654,ensemble,False,False,disagreement
Is this claim flagged as Medicare or Medicaid in the system?,government_claim_type,government_claim_type,True,cap_api,cap_api,True,0.41791543661203934,0.4179154366482339,0.3979423238353239,ensemble,True,False,pass
Was this prescription filled through mail order?,mail_order_info,mail_order_info,True,cap_api,cap_api,True,0.30701505765508,0.3070150576814045,0.1932595649813418,ensemble,True,False,pass
Is this a home delivery or retail fill?,mail_order_info,mail_order_info,True,cap_api,cap_api,True,0.36042298811595797,0.36042298814703577,0.3089885343353662,ensemble,True,False,pass
Mail order status for claim 220133725669000 sequence 001.,mail_order_info,mail_order_info,True,cap_api,cap_api,True,0.507222171460701,0.507222171504844,0.4726994756916912,ensemble,True,False,pass
Was this medication shipped to the patient?,mail_order_info,mail_order_info,True,cap_api,cap_api,True,0.374110746842733,0.3741107468750288,0.341313330701624,ensemble,True,False,pass
Show the delivery channel for this claim.,mail_order_info,mail_order_info,True,cap_api,cap_api,True,0.36935758720872963,0.3693575872406025,0.32381831606971045,ensemble,True,False,pass
Is this a mail-order pharmacy fill or a walk-in?,mail_order_info,PharmType,False,cap_api,claim_history_search,False,0.3189726657013688,0.3752619596810675,0.25758176183692433,ensemble,False,False,disagreement
Home delivery information for claim 201503823714118.,mail_order_info,mail_order_info,True,cap_api,cap_api,True,0.5095451168321005,0.5095451168764503,0.48650913376418803,ensemble,True,False,pass
Did this come from a mail service pharmacy?,mail_order_info,mail_order_info,True,cap_api,cap_api,True,0.32243429957313113,0.32243429960082787,0.2406144401705273,ensemble,True,False,pass
Was this prescription dispensed via home delivery?,mail_order_info,mail_order_info,True,cap_api,cap_api,True,0.4470435503458038,0.4470435503845906,0.41206417131360085,ensemble,True,False,pass
Mail order?,mail_order_info,mail_order_info,True,cap_api,cap_api,True,0.46183684475427667,0.4618368447943801,0.40542344670425357,ensemble,True,False,pass
What is the fulfillment channel — retail or mail?,mail_order_info,PharmType,False,cap_api,claim_history_search,False,0.27811390338438935,0.3973055762977737,0.2335849255898363,ensemble,False,False,disagreement
Show whether this was shipped or picked up at a store.,mail_order_info,mail_order_info,True,cap_api,cap_api,True,0.36830739770847054,0.3683073977402497,0.31283341284783084,ensemble,True,False,pass
Is this a 90-day mail order fill?,mail_order_info,DaysSupply,False,cap_api,claim_history_search,False,0.2017775344550407,0.23738533467311634,0.08844976493690425,ensemble,False,False,disagreement
Was this filled at a mail-service or specialty pharmacy?,mail_order_info,PharmType,False,cap_api,claim_history_search,False,0.2620924969513865,0.3083441140868973,0.1665562307029405,ensemble,False,False,disagreement
Check if this claim was processed through the mail order channel.,mail_order_info,PharmType,False,cap_api,claim_history_search,False,0.3222467448638317,0.3791138175196023,0.1413478305801551,ensemble,False,False,disagreement
Show the Medicare Part D details for claim 242905816136000 sequence 001.,medicare_part_d,medicare_part_d,True,cap_api,cap_api,True,0.4927511312635696,0.4927511313064245,0.3509169539548028,ensemble,True,False,pass
What are the PDE fields on this claim?,medicare_part_d,medicare_part_d,True,cap_api,cap_api,True,0.3471958220371478,0.34719582206704847,0.3151097495827662,ensemble,True,False,pass
MEDD pricing breakdown for this specific claim.,medicare_part_d,medicare_part_d,True,cap_api,cap_api,True,0.39877914195102865,0.39877914198551995,0.3535476987170118,ensemble,True,False,pass
Is there a low income subsidy applied to the pricing on this claim?,medicare_part_d,lics_status,False,cap_api,member_domain,False,0.38535806555205837,0.3853580655853552,0.2945258575189659,ensemble,True,False,pass
Medicare Part D summary for claim 201752592251000 sequence 001.,medicare_part_d,medicare_part_d,True,cap_api,cap_api,True,0.5628085999414119,0.5628085999905017,0.5023074033584262,ensemble,True,False,pass
Show the N1 segment details for this Part D claim.,medicare_part_d,medicare_part_d,True,cap_api,cap_api,True,0.37517627327626885,0.3751762733086595,0.3360733517321848,ensemble,True,False,pass
What is the LICS tier pricing on this specific claim?,medicare_part_d,lics_status,False,cap_api,member_domain,False,0.2419444578704475,0.2419444578909805,0.1553858475568814,ensemble,True,False,pass
PDE data for claim 132435151040074 sequence 001.,medicare_part_d,medicare_part_d,True,cap_api,cap_api,True,0.45007501129226407,0.45007501133132066,0.43080238307746427,ensemble,True,False,pass
Part D cost sharing breakdown on this fill.,medicare_part_d,medicare_part_d,True,cap_api,cap_api,True,0.20716575887317268,0.24372442222442403,0.15885776864647902,ensemble,False,False,disagreement
What Medicare plan paid and what the beneficiary owes on this claim.,medicare_part_d,medicare_part_d,True,cap_api,cap_api,True,0.06105346905807425,0.08721924151829717,0.007914172231286364,ensemble,False,False,disagreement
Show the true out-of-pocket amount for this Part D claim.,medicare_part_d,medicare_part_d,True,cap_api,cap_api,True,0.09262129146870385,0.13231613068035297,0.029082560868526956,ensemble,False,False,disagreement
CMS pricing fields on claim 220133725669000.,medicare_part_d,pricing_info,False,cap_api,cap_api,True,0.1880933020341882,0.22128623770597464,0.0980105685851257,ensemble,False,False,disagreement
MEDD?,medicare_part_d,medicare_part_d,True,cap_api,cap_api,True,0.20389154646230373,0.23987240762305886,0.11818932545612483,ensemble,False,False,disagreement
Was the catastrophic coverage phase reached on this claim?,medicare_part_d,claim_status,False,cap_api,cap_api,True,0.11161123924017506,0.159444627499155,0.06595343933738795,ensemble,False,False,disagreement
What Part D benefit phase applies to the pricing on this claim?,medicare_part_d,medicare_part_d,True,cap_api,cap_api,True,0.1714674118232134,0.20172636686779294,0.06338522867838936,ensemble,False,False,disagreement
Which pharmacy network processed claim 132435151040074 sequence 001?,network_info,network_info,True,cap_api,cap_api,True,0.5158375234602341,0.5158375235051438,0.4727809904357576,ensemble,True,False,pass
Is this an in-network or out-of-network claim?,network_info,network_info,True,cap_api,cap_api,True,0.14168981818419435,0.16669390375994675,0.1138861856863938,ensemble,False,False,disagreement
Network details for this prescription fill.,network_info,network_info,True,cap_api,cap_api,True,0.47073252006027316,0.4707325201011684,0.4402120499081565,ensemble,True,False,pass
What paying network was used on this claim?,network_info,network_info,True,cap_api,cap_api,True,0.5750083085493713,0.5750083085995473,0.5559743187183273,ensemble,True,False,pass
Show the network code associated with claim 220133725669000.,network_info,network_info,True,cap_api,cap_api,True,0.42847939100819094,0.4284793910453259,0.40983810805235005,ensemble,True,False,pass
Was this claim filled through the preferred pharmacy network?,network_info,network_info,True,cap_api,cap_api,True,0.3536431208752922,0.3536431209057664,0.2977348538451115,ensemble,True,False,pass
Which network tier does this pharmacy fall into for this claim?,network_info,network_info,True,cap_api,cap_api,True,0.19727758744987767,0.23209127937245339,0.140683445251411,ensemble,False,False,disagreement
Network information for claim 201503823714118 sequence 001.,network_info,network_info,True,cap_api,cap_api,True,0.49297853167875105,0.492978531721626,0.47210534227435746,ensemble,True,False,pass
Is the dispensing pharmacy in the narrow or broad network?,network_info,network_info,True,cap_api,cap_api,True,0.28255274018319665,0.3324149884794045,0.2528628149130791,ensemble,False,False,disagreement
What network classification applies to this fill?,network_info,network_info,True,cap_api,cap_api,True,0.3492128753575468,0.3492128753876268,0.31904481214272495,ensemble,True,False,pass
Network?,network_info,network_info,True,cap_api,cap_api,True,0.3754642159997538,0.3754642160321701,0.34056525211407984,ensemble,True,False,pass
Was this pharmacy in the plan's preferred network when the claim was processed?,network_info,network_info,True,cap_api,cap_api,True,0.3663614124334012,0.3663614124650074,0.29675422341415536,ensemble,True,False,pass
What is the network status of the pharmacy on this claim?,network_info,network_info,True,cap_api,cap_api,True,0.40374379398798516,0.40374379402291827,0.3458313073340946,ensemble,True,False,pass
Show the paying network details for this prescription.,network_info,network_info,True,cap_api,cap_api,True,0.509609581019552,0.5096095810639071,0.48699932748672975,ensemble,True,False,pass
Which pharmacy network tier was this fill processed under?,network_info,network_info,True,cap_api,cap_api,True,0.2201623587704849,0.25901453975203453,0.17874039449057133,ensemble,False,False,disagreement
Was prior authorization required for claim 201752592251000 sequence 001?,prior_auth_info,prior_auth_info,True,cap_api,cap_api,True,0.2350199171051539,0.27649402014731844,0.05562379441603294,ensemble,False,False,disagreement
Show the PA status on this specific claim.,prior_auth_info,PriorAuth,False,cap_api,claim_history_search,False,0.07020693988747687,0.10029562841860754,0.022485803398381424,ensemble,False,False,disagreement
Did this claim need prior authorization?,prior_auth_info,prior_auth_info,True,cap_api,cap_api,True,0.3227344525111172,0.37968759122234186,0.24548812569243234,ensemble,False,False,disagreement
Is there a Smart PA attached to this claim?,prior_auth_info,prior_auth_info,True,cap_api,cap_api,True,0.12689731457758457,0.14929095833885697,0.0390788625563187,ensemble,False,False,disagreement
PA details for claim 220133725669000 sequence 001.,prior_auth_info,approval_info,False,cap_api,benefits_api,False,0.31730060643346064,0.3173006064607004,0.2663977749757081,ensemble,True,False,confusion_prone
What is the authorization number on this claim?,prior_auth_info,approval_info,False,cap_api,benefits_api,False,0.22683570529355068,0.26686553566222254,0.17031879921378348,ensemble,False,False,disagreement
Tell me if this prescription required prior auth to process.,prior_auth_info,PriorAuth,False,cap_api,claim_history_search,False,0.2674660795454263,0.31466597596280094,0.17284374698208074,ensemble,False,False,disagreement
Was a member PA or plan PA used on this fill?,prior_auth_info,prior_auth_info,True,cap_api,cap_api,True,0.12792428698984148,0.18274898142932394,0.03956514571353422,ensemble,False,False,disagreement
Prior authorization requirements for this claim.,prior_auth_info,prior_auth_info,True,cap_api,cap_api,True,0.12781765897941325,0.18259665570012723,0.0625661981245714,ensemble,False,False,disagreement
Show whether this claim passed PA validation.,prior_auth_info,PriorAuth,False,cap_api,claim_history_search,False,0.06387920151597064,0.11614400276564701,0.006444497501874058,ensemble,False,False,disagreement
Prior auth on this claim?,prior_auth_info,prior_auth_info,True,cap_api,cap_api,True,0.34995662639152,0.34995662642166625,0.3002140596492934,ensemble,True,False,confusion_prone
Was PA needed and was it approved for this specific fill?,prior_auth_info,PriorAuth,False,cap_api,claim_history_search,False,0.33827728514811845,0.3382772851772251,0.3045956491929986,ensemble,True,False,pass
What authorization was checked when processing this claim?,prior_auth_info,approval_info,False,cap_api,benefits_api,False,0.21797552010505178,0.32055223547613476,0.16431220800855645,ensemble,False,True,disagreement
Does this claim have an associated PA number on file?,prior_auth_info,prior_auth_info,True,cap_api,cap_api,True,0.17236957108279385,0.2462422444249069,0.12805966382709164,ensemble,False,False,disagreement
PA status for claim 242905816136000 sequence 001.,prior_auth_info,approval_info,False,cap_api,benefits_api,False,0.31730060643346064,0.3173006064607004,0.2663977749757081,ensemble,True,False,confusion_prone
Was a transition fill applied to claim 132435151040074 sequence 001?,approval_info,approval_info,True,benefits_api,benefits_api,True,0.44490764296807384,0.44490764300667035,0.34952592541814026,ensemble,True,False,confusion_prone
Show the approval overrides for claim 220133725669000.,approval_info,approval_info,True,benefits_api,benefits_api,True,0.4846216064614309,0.605777008129702,0.461448347471071,ensemble,True,True,confusion_prone
What BPG configuration led to approval of this claim?,approval_info,approval_info,True,benefits_api,benefits_api,True,0.575090454616317,0.5750904546665007,0.5565026816958276,ensemble,True,False,pass
TF eligibility and approval details for this fill.,approval_info,approval_info,True,benefits_api,benefits_api,True,0.4849775278267942,0.4849775278689573,0.4548308536644769,ensemble,True,False,confusion_prone
Did any plan override get triggered for claim 201503823714118?,approval_info,approval_info,True,benefits_api,benefits_api,True,0.2063963874025556,0.24281927931773523,0.07201690713603219,ensemble,False,False,disagreement
Approval pathway and override logic for this claim.,approval_info,approval_info,True,benefits_api,benefits_api,True,0.518139351941488,0.5181393519866029,0.4896100366432698,ensemble,True,False,confusion_prone
What transition fill type was applied here?,approval_info,approval_info,True,benefits_api,benefits_api,True,0.3854642766671516,0.385464276700458,0.3495532381476738,ensemble,True,False,confusion_prone
Claim 242905816136000 sequence 001 approval messages and codes.,approval_info,approval_info,True,benefits_api,benefits_api,True,0.4792426952400858,0.47924269528173813,0.4395019327803218,ensemble,True,False,confusion_prone
Were there any plan-level overrides that approved this claim?,approval_info,approval_info,True,benefits_api,benefits_api,True,0.4966717244433243,0.49667172448652774,0.4527467159698085,ensemble,True,False,confusion_prone
Show all approval information including BPG and TF status.,approval_info,approval_info,True,benefits_api,benefits_api,True,0.28984738100899116,0.42624614857957005,0.2607698969062401,ensemble,False,True,disagreement
When was claim 201752592251000 sequence 001 first entered into the system?,audit_info,audit_info,True,benefits_api,benefits_api,True,0.4450262579168461,0.4450262579554533,0.42295609523842864,ensemble,True,False,pass
Show the modification history for this claim.,audit_info,audit_info,True,benefits_api,benefits_api,True,0.6540289042737699,0.6540289043309779,0.5941666170584272,ensemble,True,False,pass
Who was the last user to make changes to this claim?,audit_info,audit_info,True,benefits_api,benefits_api,True,0.29438782576708517,0.2943878257922857,0.22575277534086116,ensemble,True,False,pass
Audit log for claim 220992183436835 sequence 002.,audit_info,audit_info,True,benefits_api,benefits_api,True,0.529652620272476,0.5296526203186154,0.5108757492539002,ensemble,True,False,pass
What timestamps are on record for this claim's processing?,audit_info,claim_status,False,benefits_api,cap_api,False,0.17852982664961456,0.2550426095211483,0.10386032077930317,ensemble,False,False,disagreement
Change history and audit trail for this fill.,audit_info,audit_info,True,benefits_api,benefits_api,True,0.34060773833006447,0.34060773835937874,0.29904155919414044,ensemble,True,False,pass
When was this claim record last modified?,audit_info,audit_info,True,benefits_api,benefits_api,True,0.3799839311870273,0.44703991908234775,0.27565695166486875,ensemble,False,False,disagreement
Show me the create date and last update date for this claim.,audit_info,audit_info,True,benefits_api,benefits_api,True,0.4014268886198664,0.40142688865459336,0.3445196165604131,ensemble,True,False,pass
Pull the full audit trail for claim 230624075311000.,audit_info,audit_info,True,benefits_api,benefits_api,True,0.4273173198547697,0.42731731989180094,0.4052030604734213,ensemble,True,False,pass
What system events are logged against this claim?,audit_info,audit_info,True,benefits_api,benefits_api,True,0.22138030295292244,0.260447415260912,0.18462981967782957,ensemble,False,False,disagreement
What benefit phase is this member currently in?,beneficiary_info,beneficiary_info,True,benefits_api,benefits_api,True,0.4498904767053485,0.4498904767443892,0.41106303416650425,ensemble,True,False,confusion_prone
Show the accumulation totals for this member.,beneficiary_info,beneficiary_info,True,benefits_api,benefits_api,True,0.12383378012841097,0.17690540019818887,0.038814276136778854,ensemble,False,False,disagreement
Coverage tier and eligibility details for this beneficiary.,beneficiary_info,member_coverage,False,benefits_api,member_domain,False,0.12337527118766366,0.17625038742563431,0.06698205975899624,ensemble,False,False,disagreement
Is this member in the deductible or coverage phase?,beneficiary_info,beneficiary_info,True,benefits_api,benefits_api,True,0.2595615865408001,0.3053665724271189,0.22584553977836389,ensemble,False,False,disagreement
Beneficiary accumulation summary for this member.,beneficiary_info,beneficiary_info,True,benefits_api,benefits_api,True,0.2932701549114595,0.2932701549365606,0.2307413884521305,ensemble,True,False,pass
How close is this member to reaching the coverage gap?,beneficiary_info,member_coverage,False,benefits_api,member_domain,False,0.19470454092690812,0.22906416581574915,0.15027523203453566,ensemble,False,False,disagreement
What are the current accumulator amounts for this member?,beneficiary_info,approval_info,False,benefits_api,benefits_api,True,0.15868431920875706,0.18668743437885896,0.07502114220254384,ensemble,False,False,disagreement
Show this member's benefit phase progression.,beneficiary_info,beneficiary_info,True,benefits_api,benefits_api,True,0.417697247918655,0.41769724795483026,0.38761909449497645,ensemble,True,False,confusion_prone
Tier and accumulation breakdown for this beneficiary.,beneficiary_info,beneficiary_info,True,benefits_api,benefits_api,True,0.1067966488716021,0.19070830157240526,0.07811845046092372,ensemble,False,True,disagreement
What is the total year-to-date spend for this member?,beneficiary_info,date_range_claims,False,benefits_api,claim_history_search,False,0.14756942016880478,0.17361108256598642,0.07644800743607114,ensemble,False,False,disagreement
Give me an overview of the current benefit plan for this member.,plan_summary,plan_summary,True,benefits_api,benefits_api,True,0.6829218488147475,0.682921848874528,0.6623581872278915,ensemble,True,False,pass
What plan is this member enrolled in right now?,plan_summary,plan_summary,True,benefits_api,benefits_api,True,0.27673853520699,0.2767385352306198,0.2212697378133669,ensemble,True,False,pass
Active plan snapshot for member 44781239.,plan_summary,plan_summary,True,benefits_api,benefits_api,True,0.35625606238839624,0.3562560624191031,0.3263209596050022,ensemble,True,False,pass
Show me the current coverage summary for this member's plan.,plan_summary,plan_summary,True,benefits_api,benefits_api,True,0.5290166242145133,0.5290166242605956,0.45788384837237905,ensemble,True,False,pass
What is the plan name and effective date for this member?,plan_summary,plan_summary,True,benefits_api,benefits_api,True,0.15821470866162177,0.18613495138217978,0.059025931020421266,ensemble,False,False,disagreement
Current benefit plan configuration overview.,plan_summary,plan_summary,True,benefits_api,benefits_api,True,0.31993225504266687,0.3199322550701408,0.24623955655498936,ensemble,True,False,pass
Plan summary for this member.,plan_summary,plan_summary,True,benefits_api,benefits_api,True,0.4460392708666131,0.4460392709053105,0.4226065544329555,ensemble,True,False,pass
What formulary is associated with this member's current plan?,plan_summary,plan_summary,True,benefits_api,benefits_api,True,0.11410909824853384,0.16301299751141357,0.07091368749199034,ensemble,False,False,disagreement
Show the active plan details including tier structure.,plan_summary,plan_summary,True,benefits_api,benefits_api,True,0.16758130729797796,0.23940186758884663,0.12859514493114807,ensemble,False,False,disagreement
Pull up the plan overview for this enrollment.,plan_summary,plan_summary,True,benefits_api,benefits_api,True,0.19460158449436774,0.2289430406009852,0.10782444162350939,ensemble,False,False,disagreement
Show me the plan revision history for this member.,plan_history,plan_history,True,benefits_api,benefits_api,True,0.5074810698255701,0.5074810698697357,0.47113011963983253,ensemble,True,False,pass
When was the last plan change made for member 44781239?,plan_history,Prescriber,False,benefits_api,claim_history_search,False,0.0785724182016335,0.11224631172560925,0.006104091421693666,ensemble,False,False,disagreement
Has this member's plan been amended recently?,plan_history,plan_history,True,benefits_api,benefits_api,True,0.31436641795211984,0.3143664179790985,0.23181743539740884,ensemble,True,False,pass
Plan change log and amendment history.,plan_history,plan_history,True,benefits_api,benefits_api,True,0.5552658454773501,0.555265845525769,0.5279787366775334,ensemble,True,False,pass
What prior plan versions were in effect for this member?,plan_history,plan_history,True,benefits_api,benefits_api,True,0.449977835889993,0.4499778359290411,0.4267799125860561,ensemble,True,False,pass
Show the timeline of plan updates for this enrollment.,plan_history,plan_history,True,benefits_api,benefits_api,True,0.21725927235123735,0.25559914396438055,0.1288960058890794,ensemble,False,False,disagreement
Historical plan changes for this member.,plan_history,plan_history,True,benefits_api,benefits_api,True,0.4200498365693749,0.4200498366057591,0.3833019240088213,ensemble,True,False,pass
When did the current plan go into effect and what was the prior plan?,plan_history,plan_history,True,benefits_api,benefits_api,True,0.3552154861352815,0.35521548616589566,0.308045559215827,ensemble,True,False,pass
Plan revision audit trail for this member.,plan_history,plan_history,True,benefits_api,benefits_api,True,0.5001147840539629,0.5001147840974733,0.4515550844092167,ensemble,True,False,pass
Were there any mid-year plan changes for this member?,plan_history,Month,False,benefits_api,claim_history_search,False,0.12777509661044112,0.18253585231587596,0.061810887037665886,ensemble,False,False,disagreement
Search for available plans that match this member's eligibility.,plan_finder,plan_finder,True,benefits_api,benefits_api,True,0.4011867000925007,0.4011867001272061,0.3094371595201362,ensemble,True,False,pass
Which benefit plans are available for this client group?,plan_finder,plan_finder,True,benefits_api,benefits_api,True,0.5836942811634721,0.5836942812144208,0.5612368866525234,ensemble,True,False,pass
Find a plan that covers specialty medications.,plan_finder,pa_specialty_rx_override,False,benefits_api,override_domain,False,0.14226258714310938,0.25865924937312856,0.09749276078329472,ensemble,False,False,disagreement
Plan catalog lookup for member 44781239.,plan_finder,plan_finder,True,benefits_api,benefits_api,True,0.12116099857112846,0.1425423512718374,0.01686313564291943,ensemble,False,False,disagreement
What plans are available for enrollment in this account group?,plan_finder,plan_finder,True,benefits_api,benefits_api,True,0.30703488124820594,0.3612175073819788,0.25749282890926495,ensemble,False,False,disagreement
Show me plans that match this member's demographic profile.,plan_finder,plan_finder,True,benefits_api,benefits_api,True,0.3209483180618786,0.3775862565759919,0.254962916511223,ensemble,False,False,disagreement
Search the plan catalog for this carrier.,plan_finder,plan_finder,True,benefits_api,benefits_api,True,0.3763933076884278,0.37639330772092705,0.35595973636599054,ensemble,True,False,pass
Which plans offer mail-order benefits in this group?,plan_finder,mail_order_info,False,benefits_api,cap_api,False,0.15997695513818316,0.18820818253126015,0.01262399296823578,ensemble,False,False,disagreement
Find available benefit plan options for this enrollment.,plan_finder,plan_finder,True,benefits_api,benefits_api,True,0.43470687231693816,0.43470687235462696,0.40256460137029854,ensemble,True,False,pass
What plans can this member switch to?,plan_finder,plan_finder,True,benefits_api,benefits_api,True,0.2529428251288119,0.2529428251503239,0.18706444544099105,ensemble,True,False,pass
Show compound medication ingredient breakdown for this member's claims.,compound_info,compound_info,True,claim_history_search,claim_history_search,True,0.621738969510521,0.6217389695648563,0.6067139637318533,ensemble,True,False,pass
MIC details for the compound fills in this member's history.,compound_info,compound_info,True,claim_history_search,claim_history_search,True,0.27429766801958366,0.32270313887428953,0.23778084017830525,ensemble,False,False,disagreement
Were there any compound claims with funded and unfunded ingredients?,compound_info,compound_info,True,claim_history_search,claim_history_search,True,0.47447270178518336,0.4744727018264112,0.45168127411204007,ensemble,True,False,confusion_prone
Ingredient cost report across compound claims for this member.,compound_info,compound_info,True,claim_history_search,claim_history_search,True,0.39834683496016693,0.49793354374352444,0.3643222954035892,ensemble,True,True,confusion_prone
List all compound prescriptions filled for this member.,compound_info,compound_info,True,claim_history_search,claim_history_search,True,0.4633347174718639,0.4633347175121002,0.4389933284522751,ensemble,True,False,confusion_prone
Compound drug ingredient list and costs across claims.,compound_info,compound_info,True,claim_history_search,claim_history_search,True,0.5561039531699498,0.5561039532184432,0.5335989167536358,ensemble,True,False,pass
Show compound claims and their MIC breakdowns.,compound_info,compound_info,True,claim_history_search,claim_history_search,True,0.2975419919633646,0.3500494023399952,0.265993610004597,ensemble,False,False,disagreement
Are there any compound medications in this member's claim history?,compound_info,compound_info,True,claim_history_search,claim_history_search,True,0.4795517605661494,0.4795517606078298,0.4529223804337746,ensemble,True,False,confusion_prone
Pull compound ingredient details across all fills.,compound_info,compound_info,True,claim_history_search,claim_history_search,True,0.39961520327547584,0.3996152033100415,0.376772758441078,ensemble,True,False,confusion_prone
Which claims involved compounded medications?,compound_info,compound_info,True,claim_history_search,claim_history_search,True,0.36678409948039425,0.36678409951203816,0.30574895851067185,ensemble,True,False,confusion_prone
Show me all claims from March through June.,date_range_claims,date_range_claims,True,claim_history_search,claim_history_search,True,0.2842170987550047,0.33437305738758827,0.09215216024011093,ensemble,False,False,disagreement
Claims within the last 90 days for this member.,date_range_claims,date_range_claims,True,claim_history_search,claim_history_search,True,0.3948572457988195,0.3948572458329619,0.3562692956636839,ensemble,True,False,pass
Pull claims that contributed to the deductible this year.,date_range_claims,date_range_claims,True,claim_history_search,claim_history_search,True,0.42750272561424346,0.4275027256512914,0.4065420162790631,ensemble,True,False,pass
Show claim accumulation history for the past 6 months.,date_range_claims,date_range_claims,True,claim_history_search,claim_history_search,True,0.35176262568208455,0.35176262571239136,0.29602962256009563,ensemble,True,False,pass
What claims were processed between January 1 and April 30?,date_range_claims,Month,False,claim_history_search,claim_history_search,True,0.41821392617926195,0.41821392621548303,0.38187048394993195,ensemble,True,False,pass
List claims from the current benefit year.,date_range_claims,date_range_claims,True,claim_history_search,claim_history_search,True,0.1463359483953277,0.17215993930294302,0.05772638103566723,ensemble,False,False,disagreement
Date range search: claims from 2025-01-01 to 2025-06-30.,date_range_claims,date_range_claims,True,claim_history_search,claim_history_search,True,0.19747459448968485,0.23232305236048253,0.15862571753933233,ensemble,False,False,disagreement
Show deductible-contributing claims for this member.,date_range_claims,date_range_claims,True,claim_history_search,claim_history_search,True,0.543319547053339,0.5433195471006937,0.5258872804179402,ensemble,True,False,pass
What claims fell within this quarter?,date_range_claims,date_range_claims,True,claim_history_search,claim_history_search,True,0.25241299299993525,0.2969564623782942,0.11914985306120855,ensemble,False,False,disagreement
Pull the claim history for the last 12 months.,date_range_claims,date_range_claims,True,claim_history_search,claim_history_search,True,0.30997135568078477,0.3099713557073723,0.23816889096313404,ensemble,True,False,pass
What drug was dispensed on the claims for this member?,drug_info,drug_info,True,claim_history_search,claim_history_search,True,0.3929078939520845,0.3929078939860533,0.3114893277560605,ensemble,True,False,pass
Show me the NDC and GPI for drugs in this member's history.,drug_info,drug_info,True,claim_history_search,claim_history_search,True,0.10700012647859332,0.15285732355345188,0.03641267849586602,ensemble,False,False,disagreement
What is the formulary status of the drugs this member has been taking?,drug_info,drug_info,True,claim_history_search,claim_history_search,True,0.24455334377789176,0.28770981623389075,0.2156912849041824,ensemble,False,False,disagreement
Drug name and therapeutic class for claims on this member.,drug_info,drug_info,True,claim_history_search,claim_history_search,True,0.32278710460637794,0.37974953486383056,0.2654533630544546,ensemble,False,False,disagreement
GPI lookup across this member's prescriptions.,drug_info,pa_drug_type_indicator,False,claim_history_search,override_domain,False,0.05553530317624968,0.07933614740070336,0.01097964303316863,ensemble,False,False,disagreement
List all medications and their NDCs from this member's claims.,drug_info,drug_info,True,claim_history_search,claim_history_search,True,0.1643740225997014,0.23482003230518683,0.09821388664972978,ensemble,False,False,disagreement
Show the drug details including RxClaim status for this member.,drug_info,drug_info,True,claim_history_search,claim_history_search,True,0.2396689853937156,0.3423842648776373,0.19809266422740096,ensemble,False,False,disagreement
What therapeutic classes are represented in this member's fills?,drug_info,PriorAuth,False,claim_history_search,claim_history_search,True,0.05887391591773063,0.08410559417467202,0.017201290592146444,ensemble,False,False,disagreement
Formulary and drug classification for this member's medications.,drug_info,drug_info,True,claim_history_search,claim_history_search,True,0.43195809778010363,0.4319580978175478,0.4087049934987389,ensemble,True,False,pass
Which drugs has this member been prescribed?,drug_info,drug_info,True,claim_history_search,claim_history_search,True,0.20579381062178057,0.20579381063909624,0.14621791051437372,ensemble,True,False,pass
Were there any DUR edits triggered across this member's claims?,drug_interaction_info,drug_interaction_info,True,claim_history_search,claim_history_search,True,0.4046668652317034,0.40466686526671874,0.37590255714516585,ensemble,True,False,pass
Show drug interaction alerts for this member's prescription history.,drug_interaction_info,drug_interaction_info,True,claim_history_search,claim_history_search,True,0.4301043287691989,0.4301043288064782,0.3989237240240675,ensemble,True,False,pass
What clinical screening flags appeared on this member's claims?,drug_interaction_info,member_coverage,False,claim_history_search,member_domain,False,0.04653289034315977,0.08460525517591125,0.02229524872367473,ensemble,False,False,disagreement
DUR edit details across all fills for this member.,drug_interaction_info,drug_interaction_info,True,claim_history_search,claim_history_search,True,0.2880694720882444,0.33890526130945026,0.23805387154339544,ensemble,False,False,disagreement
Are there drug-drug interaction warnings in the claim history?,drug_interaction_info,drug_interaction_info,True,claim_history_search,claim_history_search,True,0.39985092931407656,0.3998509293486633,0.35642889357744656,ensemble,True,False,pass
List any interaction alerts or clinical edits for this member.,drug_interaction_info,drug_interaction_info,True,claim_history_search,claim_history_search,True,0.4239777849376741,0.4239777849744084,0.40815987403407644,ensemble,True,False,pass
Show DUR results for this member's recent fills.,drug_interaction_info,drug_interaction_info,True,claim_history_search,claim_history_search,True,0.16377226270560924,0.23396037531355002,0.10150832793167054,ensemble,False,False,disagreement
Were any claims flagged for therapeutic duplication?,drug_interaction_info,Generic,False,claim_history_search,claim_history_search,True,0.10116440088203366,0.11901694222374973,0.03861404128508595,ensemble,False,False,disagreement
Drug utilization review alerts across this member's history.,drug_interaction_info,drug_interaction_info,True,claim_history_search,claim_history_search,True,0.3634180616325868,0.3634180616639311,0.3057383632218711,ensemble,True,False,pass
What clinical edits were triggered for this member's medications?,drug_interaction_info,drug_interaction_info,True,claim_history_search,claim_history_search,True,0.16994401221793065,0.24277716033193678,0.10039392097159708,ensemble,False,False,disagreement
When was each prescription filled for this member?,fill_date_info,date_range_claims,False,claim_history_search,claim_history_search,True,0.19772721446248923,0.23262025232851408,0.051312842303728026,ensemble,False,False,disagreement
Show fill dates across all claims for this member.,fill_date_info,fill_date_info,True,claim_history_search,claim_history_search,True,0.3762152485913488,0.376215248623832,0.31968722493852075,ensemble,True,False,confusion_prone
What was the date of service for the most recent fill?,fill_date_info,fill_date_info,True,claim_history_search,claim_history_search,True,0.18932297460632957,0.22273291132038747,0.11205291931128246,ensemble,False,False,disagreement
List claims sorted by fill date.,fill_date_info,fill_date_info,True,claim_history_search,claim_history_search,True,0.3148748576680105,0.31487485769503437,0.2779469310442416,ensemble,True,False,confusion_prone
When was each medication last dispensed for this member?,fill_date_info,DrugLast,False,claim_history_search,claim_history_search,True,0.07225188834846667,0.10321698336313875,0.0034125391256014186,ensemble,False,False,disagreement
Dispensing dates for all prescriptions on file.,fill_date_info,fill_date_info,True,claim_history_search,claim_history_search,True,0.36788030715359976,0.36788030718534115,0.32964941498287736,ensemble,True,False,confusion_prone
Show the date each claim was filled.,fill_date_info,fill_date_info,True,claim_history_search,claim_history_search,True,0.45172020188083717,0.45172020192004025,0.40833767769072127,ensemble,True,False,confusion_prone
Service dates across the member's claim history.,fill_date_info,fill_date_info,True,claim_history_search,claim_history_search,True,0.1461464510232302,0.14614645103523724,0.07134650653187302,ensemble,True,False,pass
Fill date timeline for this member's prescriptions.,fill_date_info,fill_date_info,True,claim_history_search,claim_history_search,True,0.30561293884206997,0.3056129388682694,0.2623311351180124,ensemble,True,False,confusion_prone
What are the dispense dates for this member's recent fills?,fill_date_info,fill_date_info,True,claim_history_search,claim_history_search,True,0.09809553601398652,0.14013648003145293,0.053055000533952776,ensemble,False,False,disagreement
How many refills remain on this member's prescriptions?,Refills,Refills,True,claim_history_search,claim_history_search,True,0.5912363327629714,0.5912363328145905,0.5749698700125385,ensemble,True,False,pass
Show refill history for this member.,Refills,Refills,True,claim_history_search,claim_history_search,True,0.48503459753977357,0.4850345975819417,0.4605237503414397,ensemble,True,False,pass
Which prescriptions have been refilled more than 3 times?,Refills,Refills,True,claim_history_search,claim_history_search,True,0.5339414935072868,0.5339414935538074,0.5031033022384556,ensemble,True,False,pass
List claims by refill count.,Refills,Refills,True,claim_history_search,claim_history_search,True,0.5989968997378227,0.5989968997901332,0.5769863845643181,ensemble,True,False,pass
Are there any prescriptions eligible for refill?,Refills,Refills,True,claim_history_search,claim_history_search,True,0.5504551468723771,0.5504551469203675,0.530028083718093,ensemble,True,False,pass
Refill count across this member's medications.,Refills,Refills,True,claim_history_search,claim_history_search,True,0.6367766452272778,0.636776645282951,0.6204516813194836,ensemble,True,False,pass
How many times has LISINOPRIL been refilled for this member?,Refills,Refills,True,claim_history_search,claim_history_search,True,0.3391001867601976,0.39894139622297364,0.27519304982928566,ensemble,False,False,disagreement
Show which fills are original versus refills.,Refills,Refills,True,claim_history_search,claim_history_search,True,0.4272425633262541,0.4272425633632787,0.3777073313930937,ensemble,True,False,pass
Pull the refill history for this member's maintenance meds.,Refills,Refills,True,claim_history_search,claim_history_search,True,0.5898556163552305,0.5898556164067277,0.5704041435865442,ensemble,True,False,pass
Which claims show a high refill number?,Refills,Refills,True,claim_history_search,claim_history_search,True,0.5718221503312215,0.5718221503811135,0.5528795143642734,ensemble,True,False,pass
Filter claims by days supply — show only 90-day fills.,DaysSupply,DaysSupply,True,claim_history_search,claim_history_search,True,0.5279583622043256,0.527958362250314,0.50775361011611,ensemble,True,False,pass
Which prescriptions had 30 days supply or less?,DaysSupply,DaysSupply,True,claim_history_search,claim_history_search,True,0.5653286027623882,0.5653286028117026,0.5392778997825284,ensemble,True,False,pass
Show all 60-day supply fills for this member.,DaysSupply,DaysSupply,True,claim_history_search,claim_history_search,True,0.5021445340684706,0.5021445341121618,0.4818145655373622,ensemble,True,False,pass
List claims where days supply exceeds 30.,DaysSupply,DaysSupply,True,claim_history_search,claim_history_search,True,0.6182848779089942,0.6182848779630207,0.5986804385172515,ensemble,True,False,pass
How many claims were dispensed as 90-day supplies?,DaysSupply,DaysSupply,True,claim_history_search,claim_history_search,True,0.48921750471018594,0.4892175047527267,0.45589797028582424,ensemble,True,False,pass
Days supply breakdown across this member's fills.,DaysSupply,DaysSupply,True,claim_history_search,claim_history_search,True,0.1919819265283159,0.2742598950638604,0.14586557853380114,ensemble,False,False,disagreement
Show claims with 7-day supply only.,DaysSupply,DaysSupply,True,claim_history_search,claim_history_search,True,0.43166872322073735,0.4316687232581559,0.40430898679968474,ensemble,True,False,pass
Which prescriptions were filled for less than 14 days?,DaysSupply,DaysSupply,True,claim_history_search,claim_history_search,True,0.4566482796381135,0.45664827967775484,0.4237314642874419,ensemble,True,False,pass
Filter by days supply for this member.,DaysSupply,DaysSupply,True,claim_history_search,claim_history_search,True,0.41138015668712996,0.4839766549681093,0.367772895189884,ensemble,False,False,disagreement
List all short-supply fills under 10 days.,DaysSupply,DaysSupply,True,claim_history_search,claim_history_search,True,0.48148776072500665,0.4814877607668591,0.4517794571750978,ensemble,True,False,pass
Which claims required prior authorization approval?,PriorAuth,PriorAuth,True,claim_history_search,claim_history_search,True,0.703541046058412,0.703541046120027,0.6908458993772953,ensemble,True,False,pass
Show all PA-required claims for this member.,PriorAuth,PriorAuth,True,claim_history_search,claim_history_search,True,0.3296613934256445,0.3878369334754521,0.27467850435379276,ensemble,False,False,disagreement
List fills that had a prior auth attached.,PriorAuth,PriorAuth,True,claim_history_search,claim_history_search,True,0.2645674169973936,0.3112557847295179,0.22337189747961006,ensemble,False,False,disagreement
Were any of this member's claims flagged for PA?,PriorAuth,PriorAuth,True,claim_history_search,claim_history_search,True,0.2042564718555373,0.29179495981859455,0.18264240238303023,ensemble,False,False,disagreement
Filter claims by prior authorization requirement.,PriorAuth,PriorAuth,True,claim_history_search,claim_history_search,True,0.4230982100902674,0.42309821012692295,0.38486374401936607,ensemble,True,False,pass
How many claims needed PA approval in this member's history?,PriorAuth,pa_claim_usage,False,claim_history_search,override_domain,False,0.32980642643986213,0.3298064264682148,0.25955145762518017,ensemble,True,False,pass
Show claims that passed PA review.,PriorAuth,PriorAuth,True,claim_history_search,claim_history_search,True,0.13908479136315244,0.19869255910690142,0.10204288253591255,ensemble,False,False,disagreement
Which prescriptions triggered a PA check?,PriorAuth,date_range_claims,False,claim_history_search,claim_history_search,True,0.12039693830333247,0.17199562616192543,0.026450520041126357,ensemble,False,False,disagreement
List all prior-auth claims for this member in 2025.,PriorAuth,prior_auth_info,False,claim_history_search,cap_api,False,0.09394697854853523,0.11052585712476064,0.025329182587915357,ensemble,False,False,disagreement
Pull claims where prior authorization was required.,PriorAuth,PriorAuth,True,claim_history_search,claim_history_search,True,0.4458392339701674,0.4458392340088471,0.4058421476283123,ensemble,True,False,pass
Filter claims by ICD-10 diagnosis code.,Diagnosis,Diagnosis,True,claim_history_search,claim_history_search,True,0.38852452680911465,0.3885245268426936,0.36029042406250056,ensemble,True,False,pass
Show claims associated with diagnosis J45.,Diagnosis,Diagnosis,True,claim_history_search,claim_history_search,True,0.5105811347045065,0.510581134748948,0.4817090195998073,ensemble,True,False,pass
Which claims have a diabetes-related diagnosis code?,Diagnosis,Diagnosis,True,claim_history_search,claim_history_search,True,0.20757329441393427,0.2442038758018332,0.17274323459851745,ensemble,False,False,disagreement
List claims by diagnosis for this member.,Diagnosis,Diagnosis,True,claim_history_search,claim_history_search,True,0.16442476626753794,0.19344090150743734,0.08373100501035045,ensemble,False,False,disagreement
What diagnosis codes appear on this member's claims?,Diagnosis,Diagnosis,True,claim_history_search,claim_history_search,True,0.2259022959077901,0.2657674069729946,0.1831942320265895,ensemble,False,False,disagreement
Filter by diagnosis code E11 for this member.,Diagnosis,Diagnosis,True,claim_history_search,claim_history_search,True,0.5382460358069892,0.5382460358538927,0.5213430643003584,ensemble,True,False,pass
Show claims with a specific ICD-10 on file.,Diagnosis,Diagnosis,True,claim_history_search,claim_history_search,True,0.396447657484275,0.39644765751855876,0.37481252707205015,ensemble,True,False,pass
Which fills are linked to a cardiovascular diagnosis?,Diagnosis,PharmType,False,claim_history_search,claim_history_search,True,0.08763239241339318,0.12518913202927498,0.042449698226278074,ensemble,False,False,disagreement
Pull claims by diagnosis code for this member.,Diagnosis,Diagnosis,True,claim_history_search,claim_history_search,True,0.19670732520382178,0.23142038261232786,0.1463860287187131,ensemble,False,False,disagreement
Are there any claims with diagnosis code K21?,Diagnosis,Diagnosis,True,claim_history_search,claim_history_search,True,0.5421760841548944,0.5421760842021477,0.521650801658788,ensemble,True,False,pass
Show all claims with settlement code 358.,Settlement,Settlement,True,claim_history_search,claim_history_search,True,0.5710923661982451,0.7138654578103396,0.5588476477051556,ensemble,True,True,confusion_pair
Filter claims by settlement response code.,Settlement,Settlement,True,claim_history_search,claim_history_search,True,0.22289557744740904,0.32778761392142164,0.08232825903501773,ensemble,False,True,disagreement
Which claims returned settlement code 2?,Settlement,Settlement,True,claim_history_search,claim_history_search,True,0.2882586776930364,0.4239098201735462,0.24749178586381487,ensemble,False,True,disagreement
List claims where the settlement code is 5.,Settlement,Settlement,True,claim_history_search,claim_history_search,True,0.301994632577211,0.3774932907541105,0.24633107672908203,ensemble,True,True,confusion_prone
Search claims by pharmacy response code number.,Settlement,settlement_info,False,claim_history_search,cap_api,False,0.11242055701267456,0.13225947884921174,0.044462302524021065,ensemble,False,False,disagreement
What settlement codes appear across this member's history?,Settlement,settlement_info,False,claim_history_search,cap_api,False,0.1901232135504297,0.23765401695818833,0.08124605785199318,ensemble,True,True,pass
Show claims that came back with settlement 300.,Settlement,Settlement,True,claim_history_search,claim_history_search,True,0.4276024201528188,0.4276024201898756,0.3969249480115839,ensemble,True,False,confusion_prone
Filter by response code 400 across all fills.,Settlement,Settlement,True,claim_history_search,claim_history_search,True,0.12289424062634798,0.14458145957227717,0.051736192653726254,ensemble,False,False,disagreement
Which claims have a non-zero settlement code?,Settlement,settlement_info,False,claim_history_search,cap_api,False,0.17036894443316075,0.25054256536418174,0.003472139126568784,ensemble,False,True,disagreement
Pull claims with a specific settlement code.,Settlement,settlement_info,False,claim_history_search,cap_api,False,0.14096255095303764,0.20729786906603423,0.0028703507035091405,ensemble,False,True,disagreement
Show claims filled at specialty pharmacies only.,PharmType,PharmType,True,claim_history_search,claim_history_search,True,0.5440577153591251,0.5440577154065462,0.4971568049767931,ensemble,True,False,pass
Filter by pharmacy type — retail versus mail order.,PharmType,PharmType,True,claim_history_search,claim_history_search,True,0.5202504929228089,0.5202504929681113,0.4943639907274868,ensemble,True,False,pass
Which claims came from a mail-service pharmacy?,PharmType,PharmType,True,claim_history_search,claim_history_search,True,0.45291633947791266,0.45291633951722227,0.4098599297371461,ensemble,True,False,pass
List claims by pharmacy channel for this member.,PharmType,PharmType,True,claim_history_search,claim_history_search,True,0.4907682426749434,0.4907682427176216,0.4671712326493726,ensemble,True,False,pass
Show only retail pharmacy fills.,PharmType,PharmType,True,claim_history_search,claim_history_search,True,0.4926622080847339,0.49266220812758116,0.4592710856318194,ensemble,True,False,pass
Filter claims by pharmacy type code.,PharmType,PharmType,True,claim_history_search,claim_history_search,True,0.3557691980226236,0.3557691980532871,0.303407343959815,ensemble,True,False,pass
Were any claims processed at a long-term care pharmacy?,PharmType,PharmType,True,claim_history_search,claim_history_search,True,0.3681117469507056,0.36811174698246746,0.34062938710790525,ensemble,True,False,pass
Which fills came from a specialty pharmacy?,PharmType,PharmType,True,claim_history_search,claim_history_search,True,0.4950145339536178,0.49501453399667383,0.4314901116438924,ensemble,True,False,pass
Show claims by dispensing pharmacy type.,PharmType,PharmType,True,claim_history_search,claim_history_search,True,0.3341225741751284,0.33412257420386526,0.10743834637399716,ensemble,True,False,pass
Pull claims from retail locations only.,PharmType,pharmacy_info,False,claim_history_search,cap_api,False,0.18025818717859113,0.21206845552209896,0.04228757798579395,ensemble,False,False,disagreement
Filter claims by plan code for this member.,Plan,Plan,True,claim_history_search,claim_history_search,True,0.09747736638535347,0.13925338056189848,0.049116568678198316,ensemble,False,False,disagreement
Show claims under plan ABC123.,Plan,Plan,True,claim_history_search,claim_history_search,True,0.410692365455076,0.4106923654906278,0.38839031581793826,ensemble,True,False,pass
Which claims were processed under this specific insurance plan?,Plan,Plan,True,claim_history_search,claim_history_search,True,0.3260078629162041,0.3260078629442187,0.2749020108242424,ensemble,True,False,pass
List claims by benefit plan.,Plan,Plan,True,claim_history_search,claim_history_search,True,0.19132884652995538,0.22509276064251021,0.1342812832566003,ensemble,False,False,disagreement
Show all fills under the current plan ID.,Plan,plan_summary,False,claim_history_search,benefits_api,False,0.06494941426313035,0.09278487752601547,0.010556786242604903,ensemble,False,False,disagreement
Filter by insurance plan code.,Plan,Plan,True,claim_history_search,claim_history_search,True,0.3674935746901834,0.3674935747218904,0.33766922139410505,ensemble,True,False,pass
Which plan was used to process each claim?,Plan,approval_info,False,claim_history_search,benefits_api,False,0.1291807875711528,0.1845439822599284,0.08965603487073746,ensemble,False,False,disagreement
Show claims grouped by plan for this member.,Plan,date_range_claims,False,claim_history_search,claim_history_search,True,0.11827307460915003,0.16896153516996623,0.060241216369006145,ensemble,False,False,disagreement
Pull claims under a specific plan identifier.,Plan,Plan,True,claim_history_search,claim_history_search,True,0.09376633702448949,0.11031333768468789,0.03514242622618182,ensemble,False,False,disagreement
Were any claims processed under a different plan?,Plan,Plan,True,claim_history_search,claim_history_search,True,0.11154743615509505,0.13123227784020325,0.00623243558712727,ensemble,False,False,disagreement
Show all claims filled at Walgreens.,Pharmacy,Pharmacy,True,claim_history_search,claim_history_search,True,0.43403052007185916,0.43403052010948784,0.40432447554016415,ensemble,True,False,pass
List claims from CVS PHARMACY 00610 for this member.,Pharmacy,Pharmacy,True,claim_history_search,claim_history_search,True,0.39068685654756546,0.39068685658133673,0.3432037763356287,ensemble,True,False,pass
Which pharmacy has dispensed the most claims for this member?,Pharmacy,pharmacy_info,False,claim_history_search,cap_api,False,0.2227036101066834,0.22270361012550394,0.0912064604576065,ensemble,True,False,pass
Filter claims by pharmacy name.,Pharmacy,pharmacy_info,False,claim_history_search,cap_api,False,0.22854998032443877,0.2688823298163878,0.10309158426268052,ensemble,False,False,disagreement
Show fills at Walmart Pharmacy for this member.,Pharmacy,Pharmacy,True,claim_history_search,claim_history_search,True,0.30685902402072246,0.3068590240470328,0.24995520547560762,ensemble,True,False,pass
Claims processed at Rite Aid locations.,Pharmacy,Pharmacy,True,claim_history_search,claim_history_search,True,0.39717143720749054,0.39717143724183884,0.36081831335754966,ensemble,True,False,pass
Which stores filled prescriptions for this member?,Pharmacy,pharmacy_info,False,claim_history_search,cap_api,False,0.45822359731184903,0.4582235973516309,0.430531495291058,ensemble,True,False,pass
List claims by dispensing pharmacy name.,Pharmacy,pharmacy_info,False,claim_history_search,cap_api,False,0.4505395708705881,0.45053957090968616,0.38679907236063327,ensemble,True,False,pass
Show fills at Costco pharmacy.,Pharmacy,Pharmacy,True,claim_history_search,claim_history_search,True,0.33745060373552105,0.33745060376455394,0.29144977043229003,ensemble,True,False,pass
Pull claims from a specific pharmacy location.,Pharmacy,pharmacy_info,False,claim_history_search,cap_api,False,0.33708476127645165,0.3965703074183555,0.27334488269012974,ensemble,False,False,disagreement
Search claims by prescriber name across this member's history.,Prescriber,date_range_claims,False,claim_history_search,claim_history_search,True,0.2610888354494666,0.3071633358492391,0.1363553086961995,ensemble,False,False,disagreement
Show claims written by Dr. Smith.,Prescriber,Prescriber,True,claim_history_search,claim_history_search,True,0.4514227282551825,0.45142272829435925,0.4219869168856531,ensemble,True,False,pass
Which prescribers have written for this member?,Prescriber,prescriber_info,False,claim_history_search,cap_api,False,0.14377519077386788,0.1437751907856638,0.047107897353091496,ensemble,True,False,pass
Filter claims by prescriber NPI across history.,Prescriber,date_range_claims,False,claim_history_search,claim_history_search,True,0.17497077051703666,0.20584796533148136,0.04981465125689756,ensemble,False,False,disagreement
List claims from a specific doctor for this member.,Prescriber,prescriber_info,False,claim_history_search,cap_api,False,0.37948793993445085,0.3794879399672254,0.3250305342591405,ensemble,True,False,pass
Show all fills prescribed by NPI 1234567890.,Prescriber,Prescriber,True,claim_history_search,claim_history_search,True,0.6871809934844487,0.6871809935446076,0.6714175979196443,ensemble,True,False,pass
How many different prescribers appear in this member's claims?,Prescriber,prescriber_info,False,claim_history_search,cap_api,False,0.25404024626671395,0.2540402462883235,0.1903047174085682,ensemble,True,False,pass
Claims by prescriber for this member.,Prescriber,date_range_claims,False,claim_history_search,claim_history_search,True,0.28145263762565104,0.3311207501762947,0.16618330525961994,ensemble,False,False,disagreement
Which doctor wrote the most prescriptions for this member?,Prescriber,prescriber_info,False,claim_history_search,cap_api,False,0.14741522843402574,0.14741522844614563,0.05302999291809446,ensemble,True,False,pass
Pull claims filtered by prescribing physician.,Prescriber,prescriber_info,False,claim_history_search,cap_api,False,0.36497307800422113,0.3649730780357038,0.32780401721268476,ensemble,True,False,pass
How much has this member spent on ATORVASTATIN across all fills?,Pricing,Pricing,True,claim_history_search,claim_history_search,True,0.3528579419602829,0.3528579419906875,0.28671239879423316,ensemble,True,False,pass
Total cost breakdown for METFORMIN across all claims.,Pricing,Pricing,True,claim_history_search,claim_history_search,True,0.3531155572894593,0.3531155573198868,0.27736841433874515,ensemble,True,False,pass
Show pricing history for LISINOPRIL for this member.,Pricing,Pricing,True,claim_history_search,claim_history_search,True,0.3678198894151893,0.3678198894469257,0.24539759967349967,ensemble,True,False,pass
What did the member pay for each fill of AMLODIPINE?,Pricing,Pricing,True,claim_history_search,claim_history_search,True,0.3486000000142524,0.3486000000442777,0.3099812790831079,ensemble,True,False,pass
Copay trend across fills for a specific drug.,Pricing,member_eligibility_copay,False,claim_history_search,member_domain,False,0.1608979398805392,0.22985419984879857,0.08782867743715823,ensemble,False,False,disagreement
Cost per fill for OMEPRAZOLE over the past year.,Pricing,Pricing,True,claim_history_search,claim_history_search,True,0.2845100911884959,0.33471775436819684,0.22010875660673998,ensemble,False,False,disagreement
How has the price changed across refills for this medication?,Pricing,Refills,False,claim_history_search,claim_history_search,True,0.21676215068614313,0.2550142949465706,0.16843655617812392,ensemble,False,False,disagreement
Total out-of-pocket for METFORMIN across all fills.,Pricing,Pricing,True,claim_history_search,claim_history_search,True,0.35818528689453655,0.358185286925415,0.2943912146011944,ensemble,True,False,pass
Show the pricing trend for this drug across claims.,Pricing,date_range_claims,False,claim_history_search,claim_history_search,True,0.16961836323640347,0.19955101558899935,0.07356950358785748,ensemble,False,False,disagreement
What is the average copay for this medication across claims?,Pricing,member_eligibility_copay,False,claim_history_search,member_domain,False,0.14341992874327789,0.168729327947285,0.05430631064389547,ensemble,False,False,disagreement
Show all paid claims for this member.,Status,Status,True,claim_history_search,claim_history_search,True,0.38531574120885564,0.38531574124214873,0.3370784872941031,ensemble,True,False,pass
List rejected claims in this member's history.,Status,Status,True,claim_history_search,claim_history_search,True,0.45032356302331433,0.45032356306239296,0.3902453258343231,ensemble,True,False,pass
Filter claims by status — show pending only.,Status,Status,True,claim_history_search,claim_history_search,True,0.46135147320542774,0.4613514732454878,0.4247191095034488,ensemble,True,False,pass
Which claims are currently reversed?,Status,reversal_info,False,claim_history_search,cap_api,False,0.42452338827624364,0.4245233883130264,0.332712233915593,ensemble,True,False,pass
Show all claims with a paid status for this member.,Status,Status,True,claim_history_search,claim_history_search,True,0.41480660818405884,0.41480660821997684,0.36583508341858556,ensemble,True,False,pass
List claims that were denied for this member.,Status,Status,True,claim_history_search,claim_history_search,True,0.32573883349456273,0.3257388335225537,0.14961582064521728,ensemble,True,False,pass
Filter by claim status across this member's history.,Status,Status,True,claim_history_search,claim_history_search,True,0.24732793146006155,0.24732793148107385,0.17466719756920224,ensemble,True,False,pass
How many claims are in pending status?,Status,Status,True,claim_history_search,claim_history_search,True,0.435655845984935,0.43565584602270846,0.3742470218931804,ensemble,True,False,pass
Show only the reversed claims.,Status,Status,True,claim_history_search,claim_history_search,True,0.2772040811741792,0.3261224484682358,0.19018383891211707,ensemble,False,False,disagreement
Pull claims by adjudication status for this member.,Status,Status,True,claim_history_search,claim_history_search,True,0.4207283722649618,0.42072837230140653,0.3839294831307183,ensemble,True,False,pass
Show claims rejected with code 75.,RejectCode,RejectCode,True,claim_history_search,claim_history_search,True,0.575835778273088,0.575835778323337,0.5194678225031546,ensemble,True,False,pass
Filter claims by NCPDP reject code 70.,RejectCode,RejectCode,True,claim_history_search,claim_history_search,True,0.5253983255356637,0.5253983255814241,0.5041432718373116,ensemble,True,False,pass
Which claims have rejection code 76?,RejectCode,RejectCode,True,claim_history_search,claim_history_search,True,0.5641412471435622,0.5641412471927714,0.5124327344416155,ensemble,True,False,pass
List claims with reject code MR.,RejectCode,RejectCode,True,claim_history_search,claim_history_search,True,0.5330826727722143,0.5330826728186588,0.4868810046557429,ensemble,True,False,pass
Search by reject code for this member.,RejectCode,RejectCode,True,claim_history_search,claim_history_search,True,0.2675902746437809,0.3148120878432309,0.20843291337773295,ensemble,False,False,disagreement
Show all claims that hit reject 79.,RejectCode,pa_override_reject,False,claim_history_search,override_domain,False,0.21066841233920058,0.24784519100835306,0.12547386962040286,ensemble,False,False,disagreement
Which fills were denied with code 75?,RejectCode,RejectCode,True,claim_history_search,claim_history_search,True,0.22930831144679636,0.22930831146620476,0.14343093031607845,ensemble,True,False,pass
Filter claims by specific rejection code.,RejectCode,RejectCode,True,claim_history_search,claim_history_search,True,0.5493869492267484,0.5493869492746437,0.49805172841230544,ensemble,True,False,pass
Pull claims rejected with NCPDP code 70.,RejectCode,RejectCode,True,claim_history_search,claim_history_search,True,0.36114409679762094,0.3611440968287628,0.3353255040028812,ensemble,True,False,pass
How many claims were rejected with code 75 for this member?,RejectCode,RejectCode,True,claim_history_search,claim_history_search,True,0.41083532757954033,0.41083532761510466,0.34194216705397196,ensemble,True,False,pass
When was LISINOPRIL last dispensed for this member?,DrugLast,DrugLast,True,claim_history_search,claim_history_search,True,0.3584646735337422,0.3584646735646455,0.2714407552575283,ensemble,True,False,pass
Last fill date for METFORMIN.,DrugLast,DrugLast,True,claim_history_search,claim_history_search,True,0.3244351997915559,0.3816884703759772,0.14420527306902148,ensemble,False,False,disagreement
When was the most recent fill of ATORVASTATIN?,DrugLast,DrugLast,True,claim_history_search,claim_history_search,True,0.3411543448860677,0.40135805284185944,0.22933023712310535,ensemble,False,False,disagreement
How long ago was OMEPRAZOLE last dispensed?,DrugLast,DrugLast,True,claim_history_search,claim_history_search,True,0.33300924996438686,0.33300924999302456,0.24659932793781414,ensemble,True,False,pass
Show the last dispensing date for AMLODIPINE.,DrugLast,DrugLast,True,claim_history_search,claim_history_search,True,0.38110860935888863,0.38110860939180713,0.2983819973748904,ensemble,True,False,pass
When did this member last pick up their prescription?,DrugLast,claim_status,False,claim_history_search,cap_api,False,0.040940614154566846,0.05848659165358653,0.0001334263376595923,ensemble,False,False,disagreement
Most recent fill date for this drug.,DrugLast,DrugLast,True,claim_history_search,claim_history_search,True,0.22327748664933741,0.26267939608042246,0.18312899392867368,ensemble,False,False,disagreement
Last time GABAPENTIN was filled for this member.,DrugLast,DrugLast,True,claim_history_search,claim_history_search,True,0.2806582591878612,0.3301861873082234,0.20064615167365774,ensemble,False,False,disagreement
When was the last time this member got HYDROCHLOROTHIAZIDE?,DrugLast,DrugLast,True,claim_history_search,claim_history_search,True,0.344944621073607,0.34494462110330715,0.2285314840812959,ensemble,True,False,pass
Show the most recent dispensing date for this medication.,DrugLast,fill_date_info,False,claim_history_search,claim_history_search,True,0.19856897207553784,0.23361055540277692,0.06002677542230728,ensemble,False,False,disagreement
Show all claims from January.,Month,Month,True,claim_history_search,claim_history_search,True,0.6107187068271172,0.6107187068804711,0.5670117559004868,ensemble,True,False,pass
Claims processed in March for this member.,Month,Month,True,claim_history_search,claim_history_search,True,0.4141145117099339,0.4141145117457898,0.33968968232820035,ensemble,True,False,pass
List fills from October.,Month,Month,True,claim_history_search,claim_history_search,True,0.5510952039245772,0.5510952039726249,0.5356899981465338,ensemble,True,False,pass
Filter claims by month — show February only.,Month,Month,True,claim_history_search,claim_history_search,True,0.3888473086347146,0.4574674219629081,0.32672657035709296,ensemble,False,False,disagreement
Which claims were processed in December?,Month,Month,True,claim_history_search,claim_history_search,True,0.40607235775604017,0.40607235779118084,0.3722306748839466,ensemble,True,False,pass
Show claims from the month of June.,Month,Month,True,claim_history_search,claim_history_search,True,0.7503271346586138,0.7503271347243927,0.7381687538296854,ensemble,True,False,pass
April claims for this member.,Month,Month,True,claim_history_search,claim_history_search,True,0.5865947824952427,0.5865947825464498,0.559571125374216,ensemble,True,False,pass
Pull all claims from September.,Month,Month,True,claim_history_search,claim_history_search,True,0.5473374455241142,0.5473374455718277,0.5257562108888363,ensemble,True,False,pass
Filter by calendar month — August.,Month,Month,True,claim_history_search,claim_history_search,True,0.29582938639640016,0.3480345722610342,0.2205845059362912,ensemble,False,False,disagreement
List claims from November for this member.,Month,Month,True,claim_history_search,claim_history_search,True,0.4379681657885557,0.4379681658265351,0.38479151362746106,ensemble,True,False,pass
Look up claim number 132435151040074.,ClaimNum,ClaimNum,True,claim_history_search,claim_history_search,True,0.5540698139665222,0.6925872675187925,0.5371260464337624,ensemble,True,True,confusion_pair
Find claim 220133725669000 in the system.,ClaimNum,ClaimNum,True,claim_history_search,claim_history_search,True,0.3880295942433506,0.38802959427688516,0.35832514365974255,ensemble,True,False,confusion_prone
Pull up claim 201503823714118.,ClaimNum,ClaimNum,True,claim_history_search,claim_history_search,True,0.27555676694343517,0.3241844317260114,0.25261903268303276,ensemble,False,False,disagreement
Search for claim number 242905816136000.,ClaimNum,ClaimNum,True,claim_history_search,claim_history_search,True,0.5007975223730589,0.6259969030210377,0.48305237816500235,ensemble,True,True,confusion_prone
Claim 150692388845000 lookup.,ClaimNum,ClaimNum,True,claim_history_search,claim_history_search,True,0.44309401198058085,0.5538675150240204,0.4230890339542024,ensemble,True,True,confusion_prone
Find this claim: 211263773300000.,ClaimNum,claim_status,False,claim_history_search,cap_api,False,0.26305014259337894,0.26305014261579046,0.19515236354755927,ensemble,True,False,pass
Look up 230381673488000.,ClaimNum,ClaimNum,True,claim_history_search,claim_history_search,True,0.16244591360487368,0.2320655908837591,0.053138408892665065,ensemble,False,False,disagreement
Search for claim 220992183436835 in the history.,ClaimNum,audit_info,False,claim_history_search,benefits_api,False,0.2002167166957109,0.23554907848550602,0.07958379972348666,ensemble,False,False,disagreement
Can you pull up claim number 201752592251000?,ClaimNum,ClaimNum,True,claim_history_search,claim_history_search,True,0.4715118498010076,0.5893898123027153,0.4505250857390305,ensemble,True,True,confusion_prone
Locate claim 180571470939000 for this member.,ClaimNum,ClaimNum,True,claim_history_search,claim_history_search,True,0.247108658987539,0.24710865900853163,0.19544561993738652,ensemble,True,False,pass
Search claims by NDC 00071-0155-23.,NDC,NDC,True,claim_history_search,claim_history_search,True,0.6116562543331084,0.6116562543865462,0.5940398294874968,ensemble,True,False,pass
Show fills for NDC 33342-0395-44.,NDC,NDC,True,claim_history_search,claim_history_search,True,0.5227721829099202,0.5227721829554473,0.5044652435578117,ensemble,True,False,pass
Which claims used NDC 00093-7180-98?,NDC,NDC,True,claim_history_search,claim_history_search,True,0.4345799502688087,0.43457995030648655,0.41182959948371395,ensemble,True,False,pass
Filter by national drug code.,NDC,pa_drug_type_indicator,False,claim_history_search,override_domain,False,0.08402639151034368,0.12003770216731718,0.04316109098894638,ensemble,False,False,disagreement
NDC 68462-0263-90 claims.,NDC,NDC,True,claim_history_search,claim_history_search,True,0.5432274895147526,0.5432274895621001,0.5166693578429408,ensemble,True,False,pass
List claims with this NDC number.,NDC,NDC,True,claim_history_search,claim_history_search,True,0.3595506926247199,0.3595506926557198,0.2991641322145614,ensemble,True,False,pass
Show all fills for a specific NDC.,NDC,pa_drug_coverage,False,claim_history_search,override_domain,False,0.03227583327996646,0.058683333240525465,0.0030585387145130294,ensemble,False,False,disagreement
Search by NDC 00378-1805-01.,NDC,NDC,True,claim_history_search,claim_history_search,True,0.6766228091298815,0.6766228091891009,0.6550935465306288,ensemble,True,False,pass
Which claims match this national drug code?,NDC,pa_drug_coverage,False,claim_history_search,override_domain,False,0.04544131160169126,0.06491615943576504,0.0017297106782856217,ensemble,False,False,disagreement
Pull claims for NDC 16729-0044-01.,NDC,NDC,True,claim_history_search,claim_history_search,True,0.5024164847396555,0.5024164847833708,0.48133133855110916,ensemble,True,False,pass
Filter claims by drug manufacturer — show Teva only.,Manufacturer,Manufacturer,True,claim_history_search,claim_history_search,True,0.3448986843671366,0.3448986843968327,0.29621652001203197,ensemble,True,False,pass
Which manufacturers appear in this member's claim history?,Manufacturer,Manufacturer,True,claim_history_search,claim_history_search,True,0.1164767003539893,0.16639528623379382,0.026009469863866853,ensemble,False,False,disagreement
Show claims for drugs made by Mylan.,Manufacturer,Manufacturer,True,claim_history_search,claim_history_search,True,0.41661860895803793,0.41661860899411696,0.38640314760561206,ensemble,True,False,pass
List claims by manufacturer name.,Manufacturer,Manufacturer,True,claim_history_search,claim_history_search,True,0.24600486104310482,0.2894174836048816,0.15824364728914242,ensemble,False,False,disagreement
Claims from Pfizer products for this member.,Manufacturer,Manufacturer,True,claim_history_search,claim_history_search,True,0.158727232446301,0.1867379205406797,0.02615213478210893,ensemble,False,False,disagreement
Filter by drug manufacturer.,Manufacturer,Manufacturer,True,claim_history_search,claim_history_search,True,0.23856957957195127,0.28067009363804024,0.15007012503022044,ensemble,False,False,disagreement
Show fills from AbbVie manufactured drugs.,Manufacturer,Manufacturer,True,claim_history_search,claim_history_search,True,0.3145166554569483,0.3700195946871651,0.27112520349685526,ensemble,False,False,disagreement
Which drug makers have the most claims for this member?,Manufacturer,date_range_claims,False,claim_history_search,claim_history_search,True,0.1225043581130678,0.17500622589038659,0.09163301342032917,ensemble,False,False,disagreement
Pull claims for medications made by Novartis.,Manufacturer,Manufacturer,True,claim_history_search,claim_history_search,True,0.2083991105541021,0.24517542420211727,0.09326492740591782,ensemble,False,False,disagreement
List manufacturers across this member's prescriptions.,Manufacturer,Manufacturer,True,claim_history_search,claim_history_search,True,0.2012119795802675,0.23671997599685352,0.14648782740806301,ensemble,False,False,disagreement
Show only generic drug claims for this member.,Generic,Generic,True,claim_history_search,claim_history_search,True,0.5187713367287359,0.5187713367739069,0.4803732177460459,ensemble,True,False,pass
Filter for generics only.,Generic,Generic,True,claim_history_search,claim_history_search,True,0.4717989621025776,0.4717989621435677,0.4384686044360945,ensemble,True,False,pass
Which claims were dispensed as generic medications?,Generic,Generic,True,claim_history_search,claim_history_search,True,0.5867992922637947,0.5867992923150197,0.5504912813866886,ensemble,True,False,pass
List all generic fills.,Generic,Generic,True,claim_history_search,claim_history_search,True,0.443333457822534,0.44333345786099104,0.4065672298234577,ensemble,True,False,pass
How many generic prescriptions has this member had?,Generic,Generic,True,claim_history_search,claim_history_search,True,0.3466346165550383,0.34663461658488876,0.2988794997331692,ensemble,True,False,pass
Show generic-only claims in the history.,Generic,Generic,True,claim_history_search,claim_history_search,True,0.33512953745578805,0.3942700440997231,0.29304915533531234,ensemble,False,False,disagreement
Filter by generic indicator.,Generic,Generic,True,claim_history_search,claim_history_search,True,0.16228450440498285,0.2318350063124661,0.12709611115129982,ensemble,False,False,disagreement
Pull generic drug fills for this member.,Generic,Generic,True,claim_history_search,claim_history_search,True,0.30574763848976566,0.3597031041366202,0.2664052975270645,ensemble,False,False,disagreement
Which fills were generic versus brand?,Generic,Generic,True,claim_history_search,claim_history_search,True,0.30770421028778755,0.3077042103141734,0.2526666201555319,ensemble,True,False,pass
Show claims where a generic was dispensed.,Generic,Generic,True,claim_history_search,claim_history_search,True,0.6383398988464234,0.6383398989022345,0.6226984813811864,ensemble,True,False,pass
Show only brand name drug claims for this member.,Brand,Brand,True,claim_history_search,claim_history_search,True,0.5272008066727895,0.5272008067187095,0.4953542820786986,ensemble,True,False,pass
Filter for brand-name fills only.,Brand,Brand,True,claim_history_search,claim_history_search,True,0.48780079787020075,0.4878007979126153,0.443222619809002,ensemble,True,False,pass
Which claims were dispensed as brand medications?,Brand,Brand,True,claim_history_search,claim_history_search,True,0.5599156930899346,0.5599156931387674,0.5216502690238413,ensemble,True,False,pass
List all brand drug fills.,Brand,Brand,True,claim_history_search,claim_history_search,True,0.3446999749640973,0.3446999749937758,0.30074334254827806,ensemble,True,False,pass
How many brand prescriptions does this member have?,Brand,Brand,True,claim_history_search,claim_history_search,True,0.1322257842463414,0.13222578425710946,0.03697300413266409,ensemble,True,False,pass
Show brand-only claims in this member's history.,Brand,Brand,True,claim_history_search,claim_history_search,True,0.40895344587196425,0.40895344590736105,0.3736950860279184,ensemble,True,False,pass
Filter by brand indicator.,Brand,Brand,True,claim_history_search,claim_history_search,True,0.3640792421346518,0.364079242166055,0.30625488904326303,ensemble,True,False,pass
Pull brand drug fills for this member.,Brand,Brand,True,claim_history_search,claim_history_search,True,0.2570037521123016,0.302357355452147,0.2172478494402201,ensemble,False,False,disagreement
Which fills used a brand-name product?,Brand,Brand,True,claim_history_search,claim_history_search,True,0.4424318659234075,0.4424318659617838,0.41707198120808603,ensemble,True,False,pass
Show claims where the brand was dispensed instead of generic.,Brand,Generic,False,claim_history_search,claim_history_search,True,0.2352937620986474,0.27681619072792774,0.06111444676645497,ensemble,False,False,disagreement
Is member 88654321 currently eligible for pharmacy benefits?,member_coverage,member_coverage,True,member_domain,member_domain,True,0.10536969261062755,0.15052813231329354,0.06483525685990638,ensemble,False,False,disagreement
Check if this member has active coverage as of today.,member_coverage,member_coverage,True,member_domain,member_domain,True,0.7073422863587299,0.7073422864206826,0.6936901322189902,ensemble,True,False,pass
What are the coverage start and end dates for member 77234581?,member_coverage,member_coverage,True,member_domain,member_domain,True,0.39512927368254597,0.3951292737167123,0.3521023416482194,ensemble,True,False,pass
When does this member's enrollment expire?,member_coverage,member_coverage,True,member_domain,member_domain,True,0.39158306349417726,0.3915830635280281,0.33119851329289335,ensemble,True,False,pass
Coverage status for member 44781239.,member_coverage,member_coverage,True,member_domain,member_domain,True,0.1379862291178631,0.1971231844706341,0.11042880925608055,ensemble,False,False,disagreement
Is this member active or terminated?,member_coverage,member_coverage,True,member_domain,member_domain,True,0.2383580987101622,0.2804212926241482,0.20924192489589866,ensemble,False,False,disagreement
Verify eligibility for member 99123456 as of March 15.,member_coverage,member_coverage,True,member_domain,member_domain,True,0.35592218463602865,0.3559221846667059,0.31867256199168825,ensemble,True,False,pass
Does this member have current pharmacy benefits?,member_coverage,medicare_coverage,False,member_domain,member_domain,True,0.26206378906388583,0.26206378908620953,0.21557382655105095,ensemble,True,False,pass
Enrollment dates and coverage status for this member.,member_coverage,member_coverage,True,member_domain,member_domain,True,0.6311292927524892,0.6311292928076601,0.6079246283921534,ensemble,True,False,pass
Show the effective dates of this member's coverage.,member_coverage,member_coverage,True,member_domain,member_domain,True,0.6349707734517027,0.6349707735072146,0.5810603680362821,ensemble,True,False,pass
What is the client-account-group structure for this member?,member_hierarchy,member_hierarchy,True,member_domain,member_domain,True,0.6801972071793769,0.6801972072389146,0.6689592100043416,ensemble,True,False,pass
Show the CAG chain for member 88654321.,member_hierarchy,member_hierarchy,True,member_domain,member_domain,True,0.2914231430026578,0.3428507565032288,0.2625272114150077,ensemble,False,False,disagreement
Which carrier does this member belong to?,member_hierarchy,member_hierarchy,True,member_domain,member_domain,True,0.10029381379186438,0.11799272211757711,0.04117706411477567,ensemble,False,False,disagreement
Organizational hierarchy for this member.,member_hierarchy,member_hierarchy,True,member_domain,member_domain,True,0.5471063232331883,0.5471063232808804,0.5337112838667749,ensemble,True,False,pass
What account group is member 77234581 assigned to?,member_hierarchy,member_hierarchy,True,member_domain,member_domain,True,0.3103072693860393,0.3650673757797725,0.2792987840901237,ensemble,False,False,disagreement
Tell me the client and group for this member.,member_hierarchy,member_hierarchy,True,member_domain,member_domain,True,0.6811782183359407,0.6811782183955661,0.6659261101788443,ensemble,True,False,pass
CAG hierarchy lookup for this member.,member_hierarchy,member_hierarchy,True,member_domain,member_domain,True,0.636468282201357,0.636468282257002,0.6223321755922966,ensemble,True,False,pass
What is the parent organization in this member's chain?,member_hierarchy,member_hierarchy,True,member_domain,member_domain,True,0.17964472256480374,0.2113467324469907,0.05884593719337975,ensemble,False,False,disagreement
Show the carrier-account-group mapping for member 44781239.,member_hierarchy,member_hierarchy,True,member_domain,member_domain,True,0.3324935835988276,0.33249358362741943,0.3004249750061667,ensemble,True,False,pass
Who is the client sponsor for this member's group?,member_hierarchy,member_hierarchy,True,member_domain,member_domain,True,0.3140718372606873,0.36949627916210565,0.2898756465104175,ensemble,False,False,disagreement
When do this member's accumulators reset?,benefit_reset_date,benefit_reset_date,True,member_domain,member_domain,True,0.6036096373030986,0.6036096373558199,0.5923897144103869,ensemble,True,False,pass
What is the plan year anniversary date for member 88654321?,benefit_reset_date,benefit_reset_date,True,member_domain,member_domain,True,0.3095900965070082,0.36422364298083737,0.274991621560685,ensemble,False,False,disagreement
Benefit renewal date for this member.,benefit_reset_date,benefit_reset_date,True,member_domain,member_domain,True,0.5839758281525889,0.5839758282035629,0.5548627992287745,ensemble,True,False,pass
When does the new benefit cycle begin?,benefit_reset_date,benefit_reset_date,True,member_domain,member_domain,True,0.3628747817632581,0.36287478179455396,0.33612613476695324,ensemble,True,False,pass
Plan year start date for member 77234581.,benefit_reset_date,benefit_reset_date,True,member_domain,member_domain,True,0.3199189364603136,0.37637521939757224,0.2937258714494818,ensemble,False,False,disagreement
What is the accumulator reset date?,benefit_reset_date,benefit_reset_date,True,member_domain,member_domain,True,0.566024307180285,0.5660243072296612,0.5439758410836708,ensemble,True,False,pass
When do deductibles reset for this member?,benefit_reset_date,benefit_reset_date,True,member_domain,member_domain,True,0.367174104797793,0.36717410482947155,0.3101547342087929,ensemble,True,False,pass
Benefit year start and end for member 44781239.,benefit_reset_date,benefit_reset_date,True,member_domain,member_domain,True,0.3021077483202956,0.3554208804074509,0.2796560295622093,ensemble,False,False,disagreement
OOP reset date for this member.,benefit_reset_date,benefit_reset_date,True,member_domain,member_domain,True,0.2769691118246515,0.3258460139393548,0.2520975513729259,ensemble,False,False,disagreement
When does the next benefit period begin?,benefit_reset_date,benefit_reset_date,True,member_domain,member_domain,True,0.3615703618528645,0.36157036188404434,0.3176881661003218,ensemble,True,False,pass
Is this member on a family or individual plan?,family_type,family_type,True,member_domain,member_domain,True,0.7052787216862969,0.7052787217480666,0.6924188388288297,ensemble,True,False,pass
Show the coverage tier designation for member 88654321.,family_type,beneficiary_info,False,member_domain,benefits_api,False,0.07950304739374214,0.11691624617667343,0.014454199878739308,ensemble,False,True,disagreement
What is the family coverage classification for this member?,family_type,family_type,True,member_domain,member_domain,True,0.6013131152510865,0.6013131153036034,0.5704468340544345,ensemble,True,False,pass
Employee-only or employee-plus-spouse?,family_type,family_type,True,member_domain,member_domain,True,0.24843064627237404,0.2922713485807463,0.17078201928624204,ensemble,False,False,disagreement
Coverage tier for member 77234581.,family_type,beneficiary_info,False,member_domain,benefits_api,False,0.09570613017127891,0.1407443090869364,0.0379858475793196,ensemble,False,True,disagreement
Is this an individual or family enrollment?,family_type,family_type,True,member_domain,member_domain,True,0.9090865821214371,0.909086582201346,0.9046139188764436,ensemble,True,False,pass
What plan tier is this member enrolled in?,family_type,beneficiary_info,False,member_domain,benefits_api,False,0.22189405257994826,0.26105182658687864,0.17007545151235262,ensemble,False,False,disagreement
Show the family status indicator for this member.,family_type,family_type,True,member_domain,member_domain,True,0.5406026519900605,0.540602652037174,0.4976770400187752,ensemble,True,False,pass
Is this member's plan single or family coverage?,family_type,family_type,True,member_domain,member_domain,True,0.5386296930186609,0.5386296930655989,0.5175714415420314,ensemble,True,False,pass
Family or individual designation for this enrollment.,family_type,family_type,True,member_domain,member_domain,True,0.4798333140928834,0.4798333141345885,0.44722546068164937,ensemble,True,False,pass
List all dependents under this member's plan.,family_members,family_members,True,member_domain,member_domain,True,0.551279035962165,0.5512790360102285,0.5204189596255203,ensemble,True,False,pass
Who else is covered under member 88654321's family ID?,family_members,family_members,True,member_domain,member_domain,True,0.3172436691967619,0.3172436692239966,0.28510245739312734,ensemble,True,False,pass
Show the subscriber and all dependents for this family.,family_members,family_members,True,member_domain,member_domain,True,0.6284349617371723,0.6284349617921033,0.6103044329039902,ensemble,True,False,pass
How many people are on this member's household plan?,family_members,family_members,True,member_domain,member_domain,True,0.4171383873486159,0.4171383873847411,0.3654919404460528,ensemble,True,False,pass
List family members enrolled under this group.,family_members,family_members,True,member_domain,member_domain,True,0.49251713655717044,0.49251713660000435,0.44933775781251484,ensemble,True,False,pass
Who are the dependents for member 77234581?,family_members,family_members,True,member_domain,member_domain,True,0.2917792670538894,0.3432697259753033,0.2594700155614871,ensemble,False,False,disagreement
Show all individuals covered under this family plan.,family_members,family_members,True,member_domain,member_domain,True,0.47243724801538395,0.4724372480564309,0.4184178305973019,ensemble,True,False,pass
Is there a spouse or dependent on this plan?,family_members,family_members,True,member_domain,member_domain,True,0.21910759793765722,0.21910759795615786,0.17438238346278462,ensemble,True,False,pass
Family member list for this enrollment.,family_members,family_members,True,member_domain,member_domain,True,0.43311695888981194,0.43311695892735935,0.37900090117023333,ensemble,True,False,pass
Who is the subscriber and who are the dependents here?,family_members,family_members,True,member_domain,member_domain,True,0.4083266671740259,0.40832666720936694,0.37766678884834415,ensemble,True,False,pass
Does member 88654321 have secondary insurance on file?,alternate_insurance,alternate_insurance,True,member_domain,member_domain,True,0.3797194846930273,0.37971948472582234,0.345960547892984,ensemble,True,False,pass
Show other insurance details for this member.,alternate_insurance,alternate_insurance,True,member_domain,member_domain,True,0.7071768262814123,0.7071768263433518,0.6855064853987288,ensemble,True,False,pass
Is there a second payer listed?,alternate_insurance,alternate_insurance,True,member_domain,member_domain,True,0.2824846767064983,0.3323349138009287,0.2183542073789871,ensemble,False,False,disagreement
Alternate insurance on file for member 77234581.,alternate_insurance,alternate_insurance,True,member_domain,member_domain,True,0.3963397733015715,0.3963397733358459,0.3748658294305405,ensemble,True,False,pass
Does this member carry supplemental pharmacy coverage?,alternate_insurance,alternate_insurance,True,member_domain,member_domain,True,0.3762030534566418,0.37620305348912403,0.3165069492663063,ensemble,True,False,pass
Other insurance information for this member.,alternate_insurance,alternate_insurance,True,member_domain,member_domain,True,0.586302022497616,0.5863020225487972,0.5611965678073265,ensemble,True,False,pass
Is there a dual-coverage indicator on this member?,alternate_insurance,alternate_insurance,True,member_domain,member_domain,True,0.33621350324366467,0.33621350327258775,0.3141427970536433,ensemble,True,False,pass
Show secondary coverage details for member 44781239.,alternate_insurance,alternate_insurance,True,member_domain,member_domain,True,0.31389279251949387,0.31389279254643043,0.2533321429461444,ensemble,True,False,pass
Does this member have additional prescription coverage?,alternate_insurance,alternate_insurance,True,member_domain,member_domain,True,0.36397915774230855,0.3639791577737028,0.31888286352803097,ensemble,True,False,pass
Check for other insurance on file.,alternate_insurance,alternate_insurance,True,member_domain,member_domain,True,0.48599743972653486,0.4859974397687886,0.4231457955462883,ensemble,True,False,pass
Is this member enrolled in a Medicare drug plan?,medicare_coverage,medicare_coverage,True,member_domain,member_domain,True,0.7202123548743079,0.7202123549374071,0.7084951529554876,ensemble,True,False,pass
Show Medicare Part D enrollment status for member 88654321.,medicare_coverage,medicare_coverage,True,member_domain,member_domain,True,0.4186352558549453,0.4186352558912041,0.3838602709985637,ensemble,True,False,pass
Does this member have Med-D benefits?,medicare_coverage,medicare_coverage,True,member_domain,member_domain,True,0.4362860431879677,0.4362860432257971,0.3940267887776614,ensemble,True,False,pass
Medicare prescription plan status for this member.,medicare_coverage,medicare_coverage,True,member_domain,member_domain,True,0.4318758573624535,0.4318758573998904,0.4086761614457675,ensemble,True,False,pass
Is member 77234581 participating in Medicare Part D?,medicare_coverage,medicare_coverage,True,member_domain,member_domain,True,0.2951703352627211,0.34725921798604853,0.26425288914671546,ensemble,False,False,disagreement
Check Medicare enrollment for this member.,medicare_coverage,medicare_coverage,True,member_domain,member_domain,True,0.602410195278069,0.6024101953306835,0.5831644471878941,ensemble,True,False,pass
Does this member have a Medicare drug benefit?,medicare_coverage,medicare_coverage,True,member_domain,member_domain,True,0.5539688705387782,0.5539688705870813,0.5329254213548623,ensemble,True,False,pass
Med-D status for member 44781239.,medicare_coverage,medicare_coverage,True,member_domain,member_domain,True,0.2661242762914251,0.3130873838991296,0.22138327936685792,ensemble,False,False,disagreement
Is this member enrolled in a Part D plan?,medicare_coverage,medicare_coverage,True,member_domain,member_domain,True,0.6736965858482717,0.673696585907231,0.6470137585032455,ensemble,True,False,pass
Show Medicare coverage indicator for this member.,medicare_coverage,medicare_coverage,True,member_domain,member_domain,True,0.4602107559336803,0.4602107559736389,0.4292567747806201,ensemble,True,False,pass
What is the LICS level for member 88654321?,lics_status,lics_status,True,member_domain,member_domain,True,0.3089824698406083,0.3635087880791269,0.27788390797945883,ensemble,False,False,disagreement
Is this member designated as low income subsidy?,lics_status,lics_status,True,member_domain,member_domain,True,0.6542254652035074,0.6542254652607338,0.6416827640334339,ensemble,True,False,pass
Show the LIS cost-sharing reduction level for this member.,lics_status,lics_status,True,member_domain,member_domain,True,0.46545407008352396,0.46545407012394957,0.4432123465966336,ensemble,True,False,pass
LICS status for member 77234581.,lics_status,lics_status,True,member_domain,member_domain,True,0.342775613769531,0.34277561379903776,0.310202806452946,ensemble,True,False,pass
Does this member qualify for low income cost sharing?,lics_status,lics_status,True,member_domain,member_domain,True,0.6076510610606365,0.6076510611137174,0.5942370638013922,ensemble,True,False,pass
What subsidy level is on file for this member?,lics_status,lics_status,True,member_domain,member_domain,True,0.5246989039792979,0.5246989040249963,0.5071107421842569,ensemble,True,False,pass
Is there an LIS indicator on this member's record?,lics_status,lics_status,True,member_domain,member_domain,True,0.43031833052578417,0.43031833056308233,0.4152183252906464,ensemble,True,False,pass
Check the low income subsidy designation for member 44781239.,lics_status,lics_status,True,member_domain,member_domain,True,0.38020177346787176,0.3802017735007097,0.3588487441682169,ensemble,True,False,pass
LICS?,lics_status,lics_status,True,member_domain,member_domain,True,0.422319711688875,0.4223197117254616,0.39497881803518875,ensemble,True,False,pass
What copay reduction applies based on this member's LIS status?,lics_status,lics_status,True,member_domain,member_domain,True,0.42356038083937786,0.42356038087607467,0.39914462896927244,ensemble,True,False,pass
Show STCOB records for member 88654321.,stcob_linkage,stcob_linkage,True,member_domain,member_domain,True,0.2986989683953872,0.3514105510836722,0.27813515120036064,ensemble,False,False,disagreement
Are there short-term COB links for this member?,stcob_linkage,stcob_linkage,True,member_domain,member_domain,True,0.5397568673129798,0.5397568673600183,0.5237698189340633,ensemble,True,False,pass
Pull up the STCOB member connections.,stcob_linkage,stcob_linkage,True,member_domain,member_domain,True,0.5032007223644078,0.5032007224081925,0.48417944283519554,ensemble,True,False,pass
Does this member have active short-term coordination linkages?,stcob_linkage,stcob_linkage,True,member_domain,member_domain,True,0.3176893164157431,0.31768931644301746,0.28218568748041956,ensemble,True,False,pass
STCOB linkage details for member 77234581.,stcob_linkage,stcob_linkage,True,member_domain,member_domain,True,0.4252559789053231,0.4252559789421711,0.4018248034980128,ensemble,True,False,pass
Show all STCOB records on file.,stcob_linkage,stcob_linkage,True,member_domain,member_domain,True,0.42399138928172897,0.4239913893184644,0.39886216027464616,ensemble,True,False,pass
Short-term COB links for this member.,stcob_linkage,stcob_linkage,True,member_domain,member_domain,True,0.5149414649506068,0.5149414649954367,0.49347226868152244,ensemble,True,False,pass
STCOB?,stcob_linkage,stcob_linkage,True,member_domain,member_domain,True,0.3292169350144153,0.3873140412269008,0.28370465301067926,ensemble,False,False,disagreement
Are there any linked STCOB records for member 44781239?,stcob_linkage,stcob_linkage,True,member_domain,member_domain,True,0.3245611336804636,0.3818366278923527,0.29443875787870744,ensemble,False,False,disagreement
Check short-term coordination of benefits linkage.,stcob_linkage,stcob_linkage,True,member_domain,member_domain,True,0.40931025300022833,0.40931025303565705,0.3739276360989725,ensemble,True,False,pass
What CVS ID is associated with member 88654321?,cvs_id_lookup,cvs_id_lookup,True,member_domain,member_domain,True,0.32435580142064163,0.38159506052783426,0.2975664352616994,ensemble,False,False,disagreement
Look up the CVS member identifier for this member.,cvs_id_lookup,cvs_id_lookup,True,member_domain,member_domain,True,0.7256596610215266,0.7256596610851098,0.7136509023373032,ensemble,True,False,pass
CVS ID for member 77234581.,cvs_id_lookup,cvs_id_lookup,True,member_domain,member_domain,True,0.3095321496940136,0.36415547025966133,0.28317457653047645,ensemble,False,False,disagreement
What is the CVS number on file?,cvs_id_lookup,cvs_id_lookup,True,member_domain,member_domain,True,0.37454297252027136,0.37454297255260577,0.347362249981145,ensemble,True,False,pass
Show the CVS identifier stored for this member.,cvs_id_lookup,cvs_id_lookup,True,member_domain,member_domain,True,0.5020615356678404,0.5020615357115238,0.48143798214952915,ensemble,True,False,pass
CVS ID lookup for member 44781239.,cvs_id_lookup,cvs_id_lookup,True,member_domain,member_domain,True,0.35440524880155316,0.4169473515673472,0.3332644137785037,ensemble,False,False,disagreement
What CVS member number is associated here?,cvs_id_lookup,cvs_id_lookup,True,member_domain,member_domain,True,0.4421140489980015,0.4421140490363499,0.4016899872892108,ensemble,True,False,pass
Retrieve the CVS ID for this enrollment.,cvs_id_lookup,cvs_id_lookup,True,member_domain,member_domain,True,0.2438582050120584,0.3483688643329454,0.2216334739799458,ensemble,False,False,disagreement
Does this member have a CVS ID on file?,cvs_id_lookup,cvs_id_lookup,True,member_domain,member_domain,True,0.5991622129065085,0.5991622129588339,0.5812212839011508,ensemble,True,False,pass
CVS ID?,cvs_id_lookup,cvs_id_lookup,True,member_domain,member_domain,True,0.3724099162977415,0.4381293133294544,0.34522763943237417,ensemble,False,False,disagreement
Show other CAGMs linked by the same CVS ID.,related_cagm,related_cagm,True,member_domain,member_domain,True,0.5841766193408072,0.5841766193917992,0.5581102580392439,ensemble,True,False,pass
Find CAGM records matching member 88654321 by family.,related_cagm,member_hierarchy,False,member_domain,member_domain,True,0.10088355412860313,0.14411936305268824,0.051878150711973894,ensemble,False,False,disagreement
Which members share this CVS identifier?,related_cagm,cvs_id_lookup,False,member_domain,member_domain,True,0.4657732327321159,0.46577323277256966,0.4277507153865817,ensemble,True,False,pass
Related CAGMs for this member.,related_cagm,member_hierarchy,False,member_domain,member_domain,True,0.20170214602647293,0.23729664240420525,0.13571229683648114,ensemble,False,False,disagreement
List CAGMs by family ID under this client.,related_cagm,related_cagm,True,member_domain,member_domain,True,0.479533295292834,0.4795332953345123,0.43437501218137425,ensemble,True,False,pass
Who else is linked to this member by CVS ID?,related_cagm,cvs_id_lookup,False,member_domain,member_domain,True,0.2431536809019044,0.28606315402670013,0.1327470801391757,ensemble,False,False,disagreement
Show linked CAGM records for member 77234581.,related_cagm,member_hierarchy,False,member_domain,member_domain,True,0.16806102480283955,0.24008717831013868,0.12693898357175287,ensemble,False,False,disagreement
Find all related CAGMs for this member.,related_cagm,member_hierarchy,False,member_domain,member_domain,True,0.23359123116987296,0.27481321316448554,0.15163518197757486,ensemble,False,False,disagreement
CAGM links for this enrollment.,related_cagm,member_hierarchy,False,member_domain,member_domain,True,0.06037877517739065,0.10977959124038972,0.023134811858959728,ensemble,False,False,disagreement
Which members share the same family identifier?,related_cagm,family_members,False,member_domain,member_domain,True,0.32147452371210666,0.3214745237397178,0.2488821556326329,ensemble,True,False,pass
What other IDs are on file for member 88654321?,alternate_ids,alternate_ids,True,member_domain,member_domain,True,0.19887179392592905,0.2841025627756124,0.17842554165798732,ensemble,False,False,disagreement
List all cross-reference identifiers for this member.,alternate_ids,alternate_ids,True,member_domain,member_domain,True,0.4516579851474076,0.45165798518660527,0.43373310743983234,ensemble,True,False,pass
Show alternate member IDs.,alternate_ids,alternate_ids,True,member_domain,member_domain,True,0.600969205022937,0.6009692050754238,0.5892091842821457,ensemble,True,False,pass
What cross-reference numbers exist for member 77234581?,alternate_ids,alternate_ids,True,member_domain,member_domain,True,0.06336925516997305,0.09052750739273273,0.02262808035050139,ensemble,False,False,disagreement
Alt IDs on file?,alternate_ids,alternate_ids,True,member_domain,member_domain,True,0.41413101068613434,0.4141310107219923,0.3897301907386623,ensemble,True,False,pass
Pull all alternate identifiers for this member.,alternate_ids,alternate_ids,True,member_domain,member_domain,True,0.7402568093140219,0.7402568093789046,0.731030093062715,ensemble,True,False,pass
Does this member have additional IDs in the system?,alternate_ids,alternate_ids,True,member_domain,member_domain,True,0.5206108663523564,0.5206108663976909,0.5043485802360346,ensemble,True,False,pass
Show all member identifiers across systems.,alternate_ids,alternate_ids,True,member_domain,member_domain,True,0.2720705107883769,0.3200829538961662,0.23293299718104638,ensemble,False,False,disagreement
Alternate ID lookup for member 44781239.,alternate_ids,alternate_ids,True,member_domain,member_domain,True,0.2661290351532697,0.31309298256012374,0.2252781883784026,ensemble,False,False,disagreement
What other system IDs are linked to this member?,alternate_ids,alternate_ids,True,member_domain,member_domain,True,0.43337441200587895,0.4333744120434492,0.402540174113908,ensemble,True,False,pass
What is the member's full name and date of birth?,member_demographics,member_demographics,True,member_domain,member_domain,True,0.6945584482082359,0.6945584482690513,0.6759754013314457,ensemble,True,False,pass
Show the DOB and gender for member 88654321.,member_demographics,member_demographics,True,member_domain,member_domain,True,0.28502235028610273,0.33532041213014097,0.25243376685302304,ensemble,False,False,disagreement
Member name and person code for this enrollment.,member_demographics,member_demographics,True,member_domain,member_domain,True,0.2573448695306326,0.2573448695525362,0.17284903843200056,ensemble,True,False,pass
What is the relationship code for this member?,member_demographics,member_demographics,True,member_domain,member_domain,True,0.5820362982897129,0.5820362983405145,0.5637216391932061,ensemble,True,False,pass
Demographics for member 77234581.,member_demographics,member_demographics,True,member_domain,member_domain,True,0.16466115722536293,0.193719008516668,0.12878634820268875,ensemble,False,False,disagreement
First name and last name on file.,member_demographics,member_demographics,True,member_domain,member_domain,True,0.14043502864385823,0.2006214695080814,0.09961632502047384,ensemble,False,False,disagreement
DOB and gender for this member.,member_demographics,member_demographics,True,member_domain,member_domain,True,0.5343134534932837,0.5343134535398381,0.5183814391031825,ensemble,True,False,confusion_prone
What is the middle name for member 44781239?,member_demographics,member_demographics,True,member_domain,member_domain,True,0.2815129368474683,0.3311916904372624,0.2487241863002048,ensemble,False,False,disagreement
Show the subscriber's name and date of birth.,member_demographics,member_demographics,True,member_domain,member_domain,True,0.3569135482606309,0.356913548291396,0.3164184203127399,ensemble,True,False,confusion_prone
Person code and relationship code for this member.,member_demographics,member_demographics,True,member_domain,member_domain,True,0.5601967788598053,0.5601967789086626,0.5422006344578704,ensemble,True,False,pass
What is the email address on file for member 88654321?,member_contact_info,member_contact_info,True,member_domain,member_domain,True,0.306679571383781,0.3607994957767359,0.2751053306022105,ensemble,False,False,disagreement
Show this member's phone number and mailing address.,member_contact_info,member_contact_info,True,member_domain,member_domain,True,0.5619556926951701,0.7024446159304804,0.5525451748322529,ensemble,True,True,confusion_pair
Contact details for member 77234581.,member_contact_info,member_contact_info,True,member_domain,member_domain,True,0.08344151659497645,0.1192021665738611,0.01422867354307211,ensemble,False,False,disagreement
What is the postal address for this member?,member_contact_info,member_contact_info,True,member_domain,member_domain,True,0.6763099060033722,0.6763099060625639,0.6592202920209245,ensemble,True,False,pass
Phone number on file for this member.,member_contact_info,member_contact_info,True,member_domain,member_domain,True,0.5620625554149314,0.7025781943301934,0.5529059850847048,ensemble,True,True,confusion_pair
Show the mailing address including city state and zip.,member_contact_info,member_contact_info,True,member_domain,member_domain,True,0.5411873589533132,0.5411873590004793,0.5236874649380125,ensemble,True,False,confusion_prone
Member email and phone.,member_contact_info,member_contact_info,True,member_domain,member_domain,True,0.5356197345740783,0.669524668276186,0.5172521087526508,ensemble,True,True,confusion_prone
What address is on file for member 44781239?,member_contact_info,member_contact_info,True,member_domain,member_domain,True,0.2831745521072375,0.33314653191951765,0.24808433221492227,ensemble,False,False,disagreement
Contact information for this enrollment.,member_contact_info,member_contact_info,True,member_domain,member_domain,True,0.18203159896045812,0.21415482232448124,0.1204222565341728,ensemble,False,False,disagreement
Show the member's zip code and state.,member_contact_info,member_contact_info,True,member_domain,member_domain,True,0.40628815649142835,0.5078601956584853,0.3898609403811019,ensemble,True,True,confusion_prone
What is the brand copay on this member's eligibility?,member_eligibility_copay,member_eligibility_copay,True,member_domain,member_domain,True,0.6617124163193019,0.6617124163771944,0.6352732685173015,ensemble,True,False,pass
Show copayBrand and copayGeneric for member 88654321.,member_eligibility_copay,member_eligibility_copay,True,member_domain,member_domain,True,0.2564689529328038,0.3017281799467993,0.2332604601605033,ensemble,False,False,disagreement
What are the copay fields on this member's record?,member_eligibility_copay,member_eligibility_copay,True,member_domain,member_domain,True,0.48584039891361547,0.4858403989558554,0.4314534759085708,ensemble,True,False,pass
Eligibility copay amounts for this member.,member_eligibility_copay,member_eligibility_copay,True,member_domain,member_domain,True,0.5503663227978166,0.5503663228457993,0.521412348579138,ensemble,True,False,pass
What is copay3 and copay4 for member 77234581?,member_eligibility_copay,member_eligibility_copay,True,member_domain,member_domain,True,0.26675807672677837,0.31383303147019975,0.22466515126629957,ensemble,False,False,disagreement
Show the member-level copay configuration.,member_eligibility_copay,member_eligibility_copay,True,member_domain,member_domain,True,0.6091682581115727,0.6091682581647885,0.5889785534742189,ensemble,True,False,pass
Copay details from eligibility for this member.,member_eligibility_copay,member_eligibility_copay,True,member_domain,member_domain,True,0.6516701870943621,0.6516701871513609,0.6301521959466686,ensemble,True,False,pass
What are the copay tiers on file?,member_eligibility_copay,member_eligibility_copay,True,member_domain,member_domain,True,0.3257627403830253,0.3257627404110181,0.2705461328281388,ensemble,True,False,pass
Brand and generic copay for member 44781239.,member_eligibility_copay,member_eligibility_copay,True,member_domain,member_domain,True,0.28086772315474,0.33043261550457326,0.23999371528738608,ensemble,False,False,disagreement
Member eligibility copay breakdown.,member_eligibility_copay,member_eligibility_copay,True,member_domain,member_domain,True,0.5171682006350151,0.5171682006800429,0.4908706409449076,ensemble,True,False,pass
What is the transition fill status for member 88654321?,member_transition_status,member_transition_status,True,member_domain,member_domain,True,0.2497936912731864,0.29387493093478584,0.19866971865608313,ensemble,False,False,disagreement
Show the transition status and start date from eligibility.,member_transition_status,member_transition_status,True,member_domain,member_domain,True,0.6528536751821691,0.6528536752392728,0.6342925424612589,ensemble,True,False,pass
Is this member in transition status?,member_transition_status,member_transition_status,True,member_domain,member_domain,True,0.649809042260114,0.6498090423169465,0.633047928416635,ensemble,True,False,pass
Transition fill indicator for member 77234581.,member_transition_status,approval_info,False,member_domain,benefits_api,False,0.1891032709162292,0.22247443639083445,0.06519703136036498,ensemble,False,False,disagreement
What is the TF status on this member's eligibility record?,member_transition_status,approval_info,False,member_domain,benefits_api,False,0.4271323269784979,0.4271323270155127,0.38842582125164654,ensemble,True,False,confusion_prone
Show the member transition start date.,member_transition_status,member_transition_status,True,member_domain,member_domain,True,0.6252911118280945,0.6252911118827458,0.601363082924903,ensemble,True,False,pass
Transition status for this member.,member_transition_status,member_transition_status,True,member_domain,member_domain,True,0.7470581573394384,0.7470581574049266,0.7267092586323178,ensemble,True,False,pass
Is there a transition fill flag on this member's record?,member_transition_status,member_transition_status,True,member_domain,member_domain,True,0.3643984167096861,0.3643984167411177,0.26577294926595346,ensemble,True,False,pass
Member transition details for member 44781239.,member_transition_status,member_transition_status,True,member_domain,member_domain,True,0.2727044295047985,0.32082874062143435,0.2491369012981349,ensemble,False,False,disagreement
Check the transition status on this enrollment.,member_transition_status,member_transition_status,True,member_domain,member_domain,True,0.38736409920464004,0.38736409923811554,0.35166564613201146,ensemble,True,False,pass
What is the DUR key for member 88654321?,member_dur_config,member_dur_config,True,member_domain,member_domain,True,0.32040611997773705,0.3769483764769449,0.29280012561691093,ensemble,False,False,disagreement
Show the drug utilization review configuration for this member.,member_dur_config,member_dur_config,True,member_domain,member_domain,True,0.6055132819789708,0.6055132820318616,0.5640972486219282,ensemble,True,False,pass
DUR process flag for member 77234581.,member_dur_config,member_dur_config,True,member_domain,member_domain,True,0.37149852557363744,0.3714985256057008,0.32315203635296974,ensemble,True,False,pass
What is the DUR config key on file?,member_dur_config,member_dur_config,True,member_domain,member_domain,True,0.43719055766725684,0.43719055770516707,0.4010530779306694,ensemble,True,False,pass
Show the DUR processing indicator for this member.,member_dur_config,member_dur_config,True,member_domain,member_domain,True,0.545238024176457,0.545238024223983,0.5011895035927546,ensemble,True,False,pass
DUR configuration for this enrollment.,member_dur_config,member_dur_config,True,member_domain,member_domain,True,0.17182373411346516,0.24546247732579646,0.09231156867858248,ensemble,False,False,disagreement
What DUR settings are configured for member 44781239?,member_dur_config,member_dur_config,True,member_domain,member_domain,True,0.30250380943810523,0.3558868346637388,0.2686621180699928,ensemble,False,False,disagreement
DUR key?,member_dur_config,member_dur_config,True,member_domain,member_domain,True,0.3338551228526155,0.39277073280173963,0.28332791919756606,ensemble,False,False,disagreement
Is the DUR process flag active for this member?,member_dur_config,member_dur_config,True,member_domain,member_domain,True,0.6868779431151629,0.6868779431752949,0.6616948306359685,ensemble,True,False,pass
Show the drug utilization review key and flag.,member_dur_config,member_dur_config,True,member_domain,member_domain,True,0.5784771039713449,0.5784771040218291,0.5532798467436627,ensemble,True,False,pass
What is the MBI number for member 88654321?,member_mbi_number,member_mbi_number,True,member_domain,member_domain,True,0.2890196450010659,0.34002311179522215,0.26522364402849247,ensemble,False,False,disagreement
Show the Medicare Beneficiary Identifier for this member.,member_mbi_number,member_mbi_number,True,member_domain,member_domain,True,0.6164180263657885,0.6164180264196502,0.5679523718032257,ensemble,True,False,pass
MBI for member 77234581.,member_mbi_number,member_mbi_number,True,member_domain,member_domain,True,0.27999243920146666,0.32940286967710103,0.24542162222875763,ensemble,False,False,disagreement
What is the MBI on file?,member_mbi_number,member_mbi_number,True,member_domain,member_domain,True,0.3185144258877233,0.37472285401790717,0.2927107342757333,ensemble,False,False,disagreement
Pull the Medicare beneficiary ID from the Part D record.,member_mbi_number,member_mbi_number,True,member_domain,member_domain,True,0.22317838983334934,0.22317838985221222,0.045828813619481434,ensemble,True,False,pass
MBI number for this member.,member_mbi_number,member_mbi_number,True,member_domain,member_domain,True,0.7584711824275877,0.7584711824940914,0.7466495203379143,ensemble,True,False,pass
What MBI is stored for member 44781239?,member_mbi_number,member_mbi_number,True,member_domain,member_domain,True,0.27665327705342946,0.3254744436202372,0.24420413849235614,ensemble,False,False,disagreement
MBI?,member_mbi_number,member_mbi_number,True,member_domain,member_domain,True,0.41374125045354154,0.41374125048936466,0.37715000623146955,ensemble,True,False,pass
Show the Medicare beneficiary identifier from eligibility.,member_mbi_number,member_mbi_number,True,member_domain,member_domain,True,0.4097076168267351,0.40970761686219914,0.377275505931258,ensemble,True,False,pass
Does this member have an MBI on record?,member_mbi_number,member_mbi_number,True,member_domain,member_domain,True,0.4219566802111846,0.4219566802477387,0.4019030857177506,ensemble,True,False,pass
Show the caretaker information for member 88654321.,member_caretaker_info,member_caretaker_info,True,member_domain,member_domain,True,0.3186351222509697,0.37486484973938594,0.29412543117220524,ensemble,False,False,disagreement
Who is the caretaker on this Medicare record?,member_caretaker_info,member_caretaker_info,True,member_domain,member_domain,True,0.6141746424584298,0.6141746425120913,0.5983210404196602,ensemble,True,False,pass
Caretaker name and address from the Part D record.,member_caretaker_info,member_caretaker_info,True,member_domain,member_domain,True,0.7026735491656078,0.7026735492271454,0.6876685083297929,ensemble,True,False,pass
What is the caretaker's name for member 77234581?,member_caretaker_info,member_caretaker_info,True,member_domain,member_domain,True,0.33666666981483956,0.39607843511053276,0.3125647095843232,ensemble,False,False,disagreement
Show the caretaker details from Medicare.,member_caretaker_info,member_caretaker_info,True,member_domain,member_domain,True,0.6176531066187245,0.6176531066726962,0.6000959848047018,ensemble,True,False,pass
Is there a caretaker on file for this member?,member_caretaker_info,member_caretaker_info,True,member_domain,member_domain,True,0.7280516201880798,0.7280516202518754,0.7162159649269028,ensemble,True,False,pass
Caretaker information for member 44781239.,member_caretaker_info,member_caretaker_info,True,member_domain,member_domain,True,0.3395047448995119,0.39941734697515047,0.3136527441960386,ensemble,False,False,disagreement
Who is listed as the caretaker for this beneficiary?,member_caretaker_info,member_caretaker_info,True,member_domain,member_domain,True,0.4214202791354066,0.42142027917191294,0.40091437159754656,ensemble,True,False,pass
Pull the caretaker name from the Part D record.,member_caretaker_info,member_caretaker_info,True,member_domain,member_domain,True,0.6664225576365785,0.6664225576948901,0.6477536045329035,ensemble,True,False,pass
Show the authorized representative for this Medicare member.,member_caretaker_info,medicare_coverage,False,member_domain,member_domain,True,0.08372840698950965,0.11961200999465925,0.042773386216709536,ensemble,False,False,disagreement
What language preference is set for member 88654321?,member_language_pref,member_language_pref,True,member_domain,member_domain,True,0.37667376923351914,0.44314561090140375,0.3552584470834372,ensemble,False,False,disagreement
Show the mbrLangCode for this member.,member_language_pref,member_language_pref,True,member_domain,member_domain,True,0.4657891396901577,0.4657891397306129,0.445551901449994,ensemble,True,False,pass
What is the communication language on file?,member_language_pref,member_language_pref,True,member_domain,member_domain,True,0.29042299712961134,0.3416741142995403,0.26249078445210794,ensemble,False,False,disagreement
Language code for member 77234581.,member_language_pref,member_language_pref,True,member_domain,member_domain,True,0.35665274762344024,0.41959146782862605,0.3337561873926578,ensemble,False,False,disagreement
What language does this member prefer?,member_language_pref,member_language_pref,True,member_domain,member_domain,True,0.6790408664076875,0.6790408664671215,0.666162547595821,ensemble,True,False,pass
Show the language preference indicator.,member_language_pref,member_language_pref,True,member_domain,member_domain,True,0.37990098627673224,0.37990098630954333,0.3583272293806965,ensemble,True,False,pass
Member language setting for member 44781239.,member_language_pref,member_language_pref,True,member_domain,member_domain,True,0.47275147468443796,0.4727514747255131,0.4553067679137463,ensemble,True,False,pass
Is there a language code on this member's record?,member_language_pref,member_language_pref,True,member_domain,member_domain,True,0.4948757212960897,0.4948757213391337,0.47933908765836175,ensemble,True,False,pass
What is the preferred language for communication?,member_language_pref,member_language_pref,True,member_domain,member_domain,True,0.34065074218925934,0.40076557908085586,0.30866935571601095,ensemble,False,False,disagreement
Language pref?,member_language_pref,member_language_pref,True,member_domain,member_domain,True,0.4492566732372946,0.4492566732762784,0.42209121658284093,ensemble,True,False,pass
What discount program is assigned to member 88654321?,member_discount_program,member_discount_program,True,member_domain,member_domain,True,0.3294187041408577,0.3875514166697952,0.3129434624772612,ensemble,False,False,disagreement
Show the discount program type for this member.,member_discount_program,member_discount_program,True,member_domain,member_domain,True,0.8921032811312488,0.8921032812096452,0.8870579005812516,ensemble,True,False,pass
Is there a discount program on file?,member_discount_program,member_discount_program,True,member_domain,member_domain,True,0.39706225768896575,0.39706225772330433,0.3719339786483951,ensemble,True,False,pass
Discount program for member 77234581.,member_discount_program,member_discount_program,True,member_domain,member_domain,True,0.2972003260251595,0.34964744241265916,0.2594110097128579,ensemble,False,False,disagreement
What type of discount is applied to this member's account?,member_discount_program,member_discount_program,True,member_domain,member_domain,True,0.39701754325959826,0.39701754329393296,0.34176604636201596,ensemble,True,False,pass
Show the member discount program indicator.,member_discount_program,member_discount_program,True,member_domain,member_domain,True,0.4268684872419742,0.42686848727896554,0.4084338549174942,ensemble,True,False,pass
Does this member have a discount program assigned?,member_discount_program,member_discount_program,True,member_domain,member_domain,True,0.720012193709076,0.720012193772157,0.7078907428657413,ensemble,True,False,pass
Discount program details for member 44781239.,member_discount_program,member_discount_program,True,member_domain,member_domain,True,0.30293906440078866,0.3563988993257651,0.27779553657486095,ensemble,False,False,disagreement
What member-level discount applies?,member_discount_program,member_discount_program,True,member_domain,member_domain,True,0.2644615752509704,0.3111312650278324,0.23361265332670111,ensemble,False,False,disagreement
Is a discount card or program active for this enrollment?,member_discount_program,member_discount_program,True,member_domain,member_domain,True,0.35461138479584947,0.4171898645018353,0.33692791895659147,ensemble,False,False,disagreement
Does member 88654321 have an override plan on file?,member_override_plan,member_override_plan,True,member_domain,member_domain,True,0.32060157086699137,0.3771783186996176,0.3012677108100476,ensemble,False,False,disagreement
Show the memberOverridePlan from eligibility.,member_override_plan,member_override_plan,True,member_domain,member_domain,True,0.5956618647252546,0.5956618647772689,0.5815113484259975,ensemble,True,False,pass
Is there an override plan ID set for this member?,member_override_plan,member_override_plan,True,member_domain,member_domain,True,0.612804024987687,0.6128040250412264,0.5979011296828358,ensemble,True,False,pass
Override plan for member 77234581.,member_override_plan,member_override_plan,True,member_domain,member_domain,True,0.2964103186058733,0.34871802191929857,0.26996366011434597,ensemble,False,False,disagreement
What is the member-level override plan?,member_override_plan,member_override_plan,True,member_domain,member_domain,True,0.4091194726766487,0.4091194727120605,0.3808753845045224,ensemble,True,False,pass
Show the override plan from eligibility.,member_override_plan,member_override_plan,True,member_domain,member_domain,True,0.6263149746993891,0.6263149747541309,0.6101428801809762,ensemble,True,False,pass
Does this member have a plan override set?,member_override_plan,member_override_plan,True,member_domain,member_domain,True,0.5851087189428121,0.5851087189938871,0.5638320760181447,ensemble,True,False,pass
Member override plan for member 44781239.,member_override_plan,member_override_plan,True,member_domain,member_domain,True,0.2666726092231693,0.3137324814659449,0.23000684722510767,ensemble,False,False,disagreement
Is there an override plan ID on this enrollment?,member_override_plan,member_override_plan,True,member_domain,member_domain,True,0.3272490119917942,0.3272490120199194,0.29733839467795176,ensemble,True,False,pass
Show the memberOverridePlan field for this member.,member_override_plan,member_override_plan,True,member_domain,member_domain,True,0.5038789350559287,0.5038789350997739,0.48295665868001425,ensemble,True,False,pass
Give me a high-level overview of this PA.,pa_summary,pa_summary,True,override_domain,override_domain,True,0.5996435554024535,0.5996435554548217,0.5839976780508643,ensemble,True,False,pass
Show the key fields on this prior authorization.,pa_summary,pa_summary,True,override_domain,override_domain,True,0.4674474014611847,0.4674474015017875,0.4417374164478146,ensemble,True,False,pass
PA summary for this member's override record.,pa_summary,member_override_plan,False,override_domain,member_domain,False,0.18452871766780077,0.2170926090392633,0.1076640648814248,ensemble,False,False,disagreement
What are the main configuration details on this PA?,pa_summary,pa_summary,True,override_domain,override_domain,True,0.5256034688457953,0.5256034688915738,0.5038448376699908,ensemble,True,False,pass
Quick rundown of this PA record.,pa_summary,pa_summary,True,override_domain,override_domain,True,0.6823016569602994,0.6823016570200247,0.6689513331986869,ensemble,True,False,pass
Show me everything about this PA at a glance.,pa_summary,pa_summary,True,override_domain,override_domain,True,0.5907130864239856,0.5907130864755592,0.567757203982929,ensemble,True,False,pass
PA overview for PA JW012726LC.,pa_summary,prior_auth_info,False,override_domain,cap_api,False,0.09519604280353598,0.21635464275356464,0.07520148593741599,ensemble,False,True,disagreement
Summarize the prior auth configuration.,pa_summary,pa_summary,True,override_domain,override_domain,True,0.20525665613499822,0.2932237945036661,0.14434142939196304,ensemble,False,False,disagreement
Show the PA record details for this member.,pa_summary,prior_auth_info,False,override_domain,cap_api,False,0.15875226778983037,0.23345921735776376,0.09343938637899855,ensemble,False,True,disagreement
What are the key facts on this prior authorization?,pa_summary,pa_summary,True,override_domain,override_domain,True,0.40337115421628833,0.40337115425118836,0.3564580426979676,ensemble,True,False,pass
Will this PA override reject code 75?,pa_override_reject,pa_override_reject,True,override_domain,override_domain,True,0.6840029943430456,0.6840029944029228,0.6597984190997753,ensemble,True,False,pass
Does this PA handle a reject 70?,pa_override_reject,pa_override_reject,True,override_domain,override_domain,True,0.4896786934827267,0.4896786935253082,0.45168384791359273,ensemble,True,False,pass
Can this PA override reject 76?,pa_override_reject,pa_override_reject,True,override_domain,override_domain,True,0.6138771596905668,0.6138771597442025,0.5818830250756002,ensemble,True,False,pass
Which reject codes does this PA override?,pa_override_reject,pa_override_reject,True,override_domain,override_domain,True,0.38490208095329675,0.3849020809865531,0.29205136233105133,ensemble,True,False,pass
Show reject override capability for this PA.,pa_override_reject,pa_override_reject,True,override_domain,override_domain,True,0.3016803529054486,0.3016803529312982,0.25674643999212954,ensemble,True,False,pass
Will this prior authorization bypass a specific rejection?,pa_override_reject,pa_override_reject,True,override_domain,override_domain,True,0.3035478327949725,0.3035478328209882,0.25188599733025985,ensemble,True,False,pass
PA reject override for codes 75 and 76.,pa_override_reject,pa_override_reject,True,override_domain,override_domain,True,0.25076515215925055,0.29501782609496324,0.1963123359410445,ensemble,False,False,disagreement
Does this override handle rejection code 70?,pa_override_reject,pa_override_reject,True,override_domain,override_domain,True,0.334617415268996,0.3346174152977771,0.24580085320494058,ensemble,True,False,pass
Which NCPDP rejects can this PA override?,pa_override_reject,pa_override_reject,True,override_domain,override_domain,True,0.05912046316919408,0.10749175122528329,0.009534575743164185,ensemble,False,False,disagreement
Can this PA get around a reject 75 at the pharmacy?,pa_override_reject,pa_override_reject,True,override_domain,override_domain,True,0.457786539830642,0.4577865398703852,0.4183264844941127,ensemble,True,False,pass
What does the agent code field mean on a PA?,pa_field_help,pa_agent_code,False,override_domain,override_domain,True,0.46719242873199024,0.4671924287725704,0.33650377924806896,ensemble,True,False,pass
Explain what the ignore status code does.,pa_field_help,pa_ignore_status,False,override_domain,override_domain,True,0.4861830429142102,0.4861830429564806,0.46776382664724125,ensemble,True,False,pass
Help me understand what the clinical admin code field is for.,pa_field_help,pa_clinical_admin_code,False,override_domain,override_domain,True,0.47170073439082905,0.4717007344318103,0.4425139562916022,ensemble,True,False,pass
What is the purpose of the transform care field on a PA?,pa_field_help,pa_transform_care,False,override_domain,override_domain,True,0.3709017431675586,0.3709017431995687,0.26210114261655126,ensemble,True,False,pass
Explain the drug type indicator field.,pa_field_help,pa_field_help,True,override_domain,override_domain,True,0.3002654533796063,0.35325347459468226,0.1889482856714493,ensemble,False,False,disagreement
What does the follow me logic field do?,pa_field_help,pa_follow_me_logic,False,override_domain,override_domain,True,0.4780262793173702,0.47802627935891473,0.4247043312854969,ensemble,True,False,pass
Help me understand this PA field.,pa_field_help,pa_field_help,True,override_domain,override_domain,True,0.12729744099676807,0.1497616953026442,0.002803044794694094,ensemble,False,False,disagreement
What is the reason code field used for?,pa_field_help,pa_reason_code,False,override_domain,override_domain,True,0.4007821219901585,0.400782122024828,0.32388028165724164,ensemble,True,False,pass
Explain what effectiveBeginDate means on a PA.,pa_field_help,pa_field_help,True,override_domain,override_domain,True,0.23783357868901997,0.2798042102462792,0.03376728986346511,ensemble,False,False,disagreement
What does the specialtyRxOverride indicator control?,pa_field_help,pa_specialty_rx_override,False,override_domain,override_domain,True,0.4362293955594401,0.43622939559726437,0.37710478213943643,ensemble,True,False,pass
How does the copay on this PA affect member pricing?,pa_copay_pricing,pa_copay_pricing,True,override_domain,override_domain,True,0.643390946012298,0.6433909460685595,0.6199574424597855,ensemble,True,False,pass
Show the copay impact of this PA on out-of-pocket cost.,pa_copay_pricing,pa_copay_pricing,True,override_domain,override_domain,True,0.5005228738886153,0.5005228739321617,0.46501540120902324,ensemble,True,False,pass
What copay override is set on this PA?,pa_copay_pricing,pa_copay_pricing,True,override_domain,override_domain,True,0.26623600353928006,0.2662360035619751,0.14382546146956987,ensemble,True,False,pass
PA copay influence on member cost.,pa_copay_pricing,pa_copay_pricing,True,override_domain,override_domain,True,0.21879898524655372,0.2574105709002081,0.17875624629391962,ensemble,False,False,disagreement
Does this PA change the member's copay amount?,pa_copay_pricing,pa_copay_pricing,True,override_domain,override_domain,True,0.4261079707718666,0.42610797080879015,0.3611414414150419,ensemble,True,False,pass
Show the pricing effect of the copay on this PA.,pa_copay_pricing,pa_copay_pricing,True,override_domain,override_domain,True,0.5560149452812602,0.5560149453297455,0.5279916052818147,ensemble,True,False,pass
How does this PA override affect copay?,pa_copay_pricing,pa_copay_pricing,True,override_domain,override_domain,True,0.6292919704133604,0.6292919704683673,0.5996222722821627,ensemble,True,False,pass
What is the copay amount configured on this PA?,pa_copay_pricing,member_eligibility_copay,False,override_domain,member_domain,False,0.39452667815051534,0.39452667818462833,0.28575364452240243,ensemble,True,False,pass
Does this PA modify the cost to the member?,pa_copay_pricing,pa_copay_pricing,True,override_domain,override_domain,True,0.21011448448632083,0.21011448450402115,0.1337055297933676,ensemble,True,False,pass
Copay override pricing for this PA.,pa_copay_pricing,pa_copay_pricing,True,override_domain,override_domain,True,0.5150798559536475,0.5150798559984897,0.4878760075714446,ensemble,True,False,pass
What drugs are covered by this PA?,pa_drug_coverage,pa_drug_coverage,True,override_domain,override_domain,True,0.6731671755559733,0.6731671756148849,0.6563249184773506,ensemble,True,False,pass
Show the GPI or NDC list on this PA.,pa_drug_coverage,pa_drug_coverage,True,override_domain,override_domain,True,0.301218713056307,0.35437495656737117,0.2333211882322058,ensemble,False,False,disagreement
Which medications does this PA authorize?,pa_drug_coverage,pa_drug_coverage,True,override_domain,override_domain,True,0.37548150663438323,0.37548150666680113,0.34036134605098595,ensemble,True,False,pass
Drug scope for this prior authorization.,pa_drug_coverage,pa_drug_coverage,True,override_domain,override_domain,True,0.520033900697141,0.5200339007424242,0.4836194781016234,ensemble,True,False,pass
What is the authorized drug list for this PA?,pa_drug_coverage,pa_drug_coverage,True,override_domain,override_domain,True,0.6033140527843547,0.6033140528370496,0.5441612031418158,ensemble,True,False,pass
Does this PA cover LISINOPRIL?,pa_drug_coverage,Pricing,False,override_domain,claim_history_search,False,0.27102329191198543,0.3188509316885372,0.13016243941030187,ensemble,False,False,disagreement
Show the drugs this PA applies to.,pa_drug_coverage,pa_drug_coverage,True,override_domain,override_domain,True,0.3667903257205262,0.3667903257521706,0.3296717228304617,ensemble,True,False,pass
Which NDCs or GPIs are included in this PA?,pa_drug_coverage,pa_drug_coverage,True,override_domain,override_domain,True,0.39105916943217395,0.39105916946597835,0.36242694611469817,ensemble,True,False,pass
PA drug list.,pa_drug_coverage,pa_drug_coverage,True,override_domain,override_domain,True,0.30955527697849927,0.30955527700504976,0.19830308729267426,ensemble,True,False,pass
What medications fall under this authorization?,pa_drug_coverage,pa_drug_coverage,True,override_domain,override_domain,True,0.42233435862386065,0.4223343586604485,0.3951568913226736,ensemble,True,False,pass
How many claims have referenced this PA?,pa_claim_usage,pa_claim_usage,True,override_domain,override_domain,True,0.442030485057692,0.44203048509603277,0.40673599346229894,ensemble,True,False,pass
PA utilization count.,pa_claim_usage,pa_claim_usage,True,override_domain,override_domain,True,0.2945380489884289,0.3465153517809329,0.2738308365242129,ensemble,False,False,disagreement
How many times has this PA been used?,pa_claim_usage,pa_claim_usage,True,override_domain,override_domain,True,0.4606912516061553,0.46069125164615704,0.43604672304424413,ensemble,True,False,pass
Show the number of claims linked to this PA.,pa_claim_usage,pa_claim_usage,True,override_domain,override_domain,True,0.5412593992094439,0.5412593992566163,0.5181974574084123,ensemble,True,False,pass
PA claim count for this member.,pa_claim_usage,pa_claim_usage,True,override_domain,override_domain,True,0.3921009736489589,0.39210097368285596,0.3665303354363907,ensemble,True,False,pass
How heavily has this PA been utilized?,pa_claim_usage,pa_claim_usage,True,override_domain,override_domain,True,0.49714393955084085,0.49714393959408637,0.4667648139165529,ensemble,True,False,pass
What is the usage count on this PA?,pa_claim_usage,pa_claim_usage,True,override_domain,override_domain,True,0.5088975697937665,0.5088975698380587,0.48418499906700774,ensemble,True,False,pass
How many fills have used this prior authorization?,pa_claim_usage,pa_claim_usage,True,override_domain,override_domain,True,0.49219919087873704,0.49219919092154296,0.4590131044062937,ensemble,True,False,pass
Number of claims processed against this PA.,pa_claim_usage,pa_claim_usage,True,override_domain,override_domain,True,0.47219988849650596,0.4721998885375318,0.4427753341926331,ensemble,True,False,pass
Is this PA close to its utilization limit?,pa_claim_usage,pa_claim_usage,True,override_domain,override_domain,True,0.19316147006661127,0.22724878833288537,0.15589547904156328,ensemble,False,False,disagreement
What is the reason code on this PA?,pa_reason_code,pa_reason_code,True,override_domain,override_domain,True,0.8825201030277496,0.8825201031052936,0.8778595725245306,ensemble,True,False,pass
Show the PA reason code — is it U1 or LC?,pa_reason_code,pa_reason_code,True,override_domain,override_domain,True,0.05928683668243139,0.08469548098143984,0.0043139353916677795,ensemble,False,False,disagreement
What override reason classification is set?,pa_reason_code,pa_reason_code,True,override_domain,override_domain,True,0.3596760847764493,0.35967608480746055,0.3068306443927692,ensemble,True,False,pass
Reason code for PA JW012726LC.,pa_reason_code,pa_reason_code,True,override_domain,override_domain,True,0.6930021742139377,0.6930021742746152,0.6813293419292321,ensemble,True,False,pass
Is this PA coded as OD or OA?,pa_reason_code,pa_drug_type_indicator,False,override_domain,override_domain,True,0.03736296046004399,0.05337565780381329,0.004062130681398244,ensemble,False,False,disagreement
Show the reason code on this prior authorization.,pa_reason_code,pa_reason_code,True,override_domain,override_domain,True,0.715405674682322,0.7154056747449937,0.6973427352622055,ensemble,True,False,pass
What type of override reason applies — US or U3?,pa_reason_code,pa_reason_code,True,override_domain,override_domain,True,0.2691075945592103,0.31659717009683636,0.23886427510817476,ensemble,False,False,disagreement
PA reason code?,pa_reason_code,beneficiary_info,False,override_domain,benefits_api,False,0.12150000315200528,0.22090909665867053,0.09870273534770545,ensemble,False,False,disagreement
Which reason code category does this PA fall into?,pa_reason_code,pa_reason_code,True,override_domain,override_domain,True,0.6333891733721698,0.6333891734275414,0.6201454367200875,ensemble,True,False,pass
What is the override reason on this authorization?,pa_reason_code,approval_info,False,override_domain,benefits_api,False,0.23697122388820985,0.2787896751864122,0.1326578176178277,ensemble,False,False,disagreement
When does this PA take effect?,pa_effective_dates,pa_effective_dates,True,override_domain,override_domain,True,0.539106040291603,0.5391060403385834,0.521631070178629,ensemble,True,False,pass
Show the begin and end dates for this PA.,pa_effective_dates,pa_effective_dates,True,override_domain,override_domain,True,0.7492758552659181,0.7492758553316032,0.734606821240774,ensemble,True,False,pass
Is this PA currently active or expired?,pa_effective_dates,pa_effective_dates,True,override_domain,override_domain,True,0.4480080257799287,0.4480080258188017,0.41090095509187735,ensemble,True,False,pass
Effective period for PA JW012726LC.,pa_effective_dates,pa_effective_dates,True,override_domain,override_domain,True,0.5338370131437914,0.5338370131903027,0.5060284315053468,ensemble,True,False,pass
What are the start and end dates on this authorization?,pa_effective_dates,pa_effective_dates,True,override_domain,override_domain,True,0.38619042412884286,0.3861904241622138,0.3570581334674056,ensemble,True,False,pass
When does this PA expire?,pa_effective_dates,pa_effective_dates,True,override_domain,override_domain,True,0.8870652662192704,0.8870652662972196,0.88218064541944,ensemble,True,False,pass
PA effective dates?,pa_effective_dates,pa_effective_dates,True,override_domain,override_domain,True,0.15116954864540588,0.21595649808308565,0.10232995776811993,ensemble,False,False,disagreement
Is this PA still within its active period?,pa_effective_dates,pa_effective_dates,True,override_domain,override_domain,True,0.42126835269493307,0.421268352731426,0.3939473611302257,ensemble,True,False,pass
Show dateBegin and dateEnd for this PA.,pa_effective_dates,pa_effective_dates,True,override_domain,override_domain,True,0.6464884478435967,0.6464884479001343,0.6323383996475501,ensemble,True,False,pass
When was this PA activated and when does it end?,pa_effective_dates,pa_effective_dates,True,override_domain,override_domain,True,0.48009244283431296,0.4800924428760414,0.45165606452699625,ensemble,True,False,pass
What is the agent code on this PA?,pa_agent_code,pa_agent_code,True,override_domain,override_domain,True,0.891389027314394,0.8913890273927279,0.8873767418020165,ensemble,True,False,pass
Who created this PA — agent code A or C?,pa_agent_code,pa_agent_code,True,override_domain,override_domain,True,0.5711783866433171,0.5711783866931519,0.5543280714941226,ensemble,True,False,pass
Show the agent source code on this authorization.,pa_agent_code,pa_agent_code,True,override_domain,override_domain,True,0.4592969662809364,0.45929696632081385,0.4417399725368654,ensemble,True,False,pass
Was this PA created by the system or a human agent?,pa_agent_code,PriorAuth,False,override_domain,claim_history_search,False,0.1703007810423833,0.24328683008120014,0.12985774720903845,ensemble,False,False,disagreement
Agent code for PA JW012726LC.,pa_agent_code,pa_agent_code,True,override_domain,override_domain,True,0.5982042402941682,0.5982042403464085,0.5825957681121816,ensemble,True,False,pass
Is the agent code set to H or 3?,pa_agent_code,pa_agent_code,True,override_domain,override_domain,True,0.5068900623696853,0.5068900624137986,0.4924896610910067,ensemble,True,False,pass
Who entered this PA?,pa_agent_code,PriorAuth,False,override_domain,claim_history_search,False,0.12617983662015997,0.18025690947241432,0.10173069404963786,ensemble,False,False,disagreement
Show the source of this prior authorization.,pa_agent_code,pa_effective_dates,False,override_domain,override_domain,True,0.10718742234288571,0.15312488907389346,0.03929295959774783,ensemble,False,False,disagreement
PA agent code?,pa_agent_code,beneficiary_info,False,override_domain,benefits_api,False,0.12150000315200528,0.22090909665867053,0.09870273534770545,ensemble,False,False,disagreement
What agent or system created this PA record?,pa_agent_code,pa_agent_code,True,override_domain,override_domain,True,0.37167616736457587,0.37167616739665493,0.34970812047126876,ensemble,True,False,pass
What is the ignore status on this PA?,pa_ignore_status,pa_ignore_status,True,override_domain,override_domain,True,0.6699476718919632,0.6699476719505891,0.6563732093768644,ensemble,True,False,pass
Is the ignore code set to Y or P?,pa_ignore_status,pa_ignore_status,True,override_domain,override_domain,True,0.45875008603633183,0.45875008607616075,0.43922949628186525,ensemble,True,False,pass
Show the processing bypass indicator on this PA.,pa_ignore_status,pa_override_reject,False,override_domain,override_domain,True,0.05196162705907213,0.09447568556935765,0.019996739682941397,ensemble,False,False,disagreement
Ignore status for this authorization.,pa_ignore_status,pa_ignore_status,True,override_domain,override_domain,True,0.42269699900683977,0.4226969990434598,0.3683572317687663,ensemble,True,False,pass
Is this PA being ignored during processing?,pa_ignore_status,pa_ignore_status,True,override_domain,override_domain,True,0.15546756026781106,0.18290301209505605,0.06501313304058028,ensemble,False,False,disagreement
What is the ignore code — Y P or 3?,pa_ignore_status,pa_ignore_status,True,override_domain,override_domain,True,0.3301891740655997,0.38845785187545473,0.2987378478737178,ensemble,False,False,disagreement
PA ignore status?,pa_ignore_status,prior_auth_info,False,override_domain,cap_api,False,0.24297066361649217,0.30371332954664576,0.21508945263834509,ensemble,True,True,pass
Is the ignore indicator active on this PA?,pa_ignore_status,pa_ignore_status,True,override_domain,override_domain,True,0.44920478605204767,0.4492047860910269,0.42406810595731886,ensemble,True,False,pass
Show the bypass status code on this PA.,pa_ignore_status,pa_override_reject,False,override_domain,override_domain,True,0.13183655463464825,0.15510182899474306,0.04102052244540349,ensemble,False,False,disagreement
Should this PA be skipped during claim processing?,pa_ignore_status,claim_status,False,override_domain,cap_api,False,0.08736779678804922,0.1284820541105073,0.02089370585318305,ensemble,False,True,disagreement
Does this PA override the specialty Rx reject?,pa_specialty_rx_override,pa_specialty_rx_override,True,override_domain,override_domain,True,0.6215695810772385,0.6215695811315581,0.5945337353554377,ensemble,True,False,pass
Show the specialty prescription override indicator.,pa_specialty_rx_override,pa_specialty_rx_override,True,override_domain,override_domain,True,0.6724965611300967,0.6724965611889491,0.6573049087288321,ensemble,True,False,pass
Is the specialty Rx bypass enabled on this PA?,pa_specialty_rx_override,pa_specialty_rx_override,True,override_domain,override_domain,True,0.4019395584341984,0.4019395584689713,0.3849344174342665,ensemble,True,False,pass
Specialty override for this PA.,pa_specialty_rx_override,pa_specialty_rx_override,True,override_domain,override_domain,True,0.5242589368582785,0.5242589369039374,0.5044715951116373,ensemble,True,False,pass
Can this PA bypass the specialty drug rejection?,pa_specialty_rx_override,pa_specialty_rx_override,True,override_domain,override_domain,True,0.36884966902654454,0.3688496690583724,0.3132854832148486,ensemble,True,False,pass
Is the specialtyRxOverride set to yes?,pa_specialty_rx_override,pa_specialty_rx_override,True,override_domain,override_domain,True,0.4893863766780997,0.489386376720655,0.46913360409964616,ensemble,True,False,pass
Does this authorization handle specialty pharmacy rejects?,pa_specialty_rx_override,pa_specialty_rx_override,True,override_domain,override_domain,True,0.24384441779121063,0.2868757856612504,0.17135575032063935,ensemble,False,False,disagreement
Specialty Rx override?,pa_specialty_rx_override,pa_specialty_rx_override,True,override_domain,override_domain,True,0.5762847841720911,0.5762847842223808,0.5520193716515827,ensemble,True,False,pass
Show the specialty prescription bypass on this PA.,pa_specialty_rx_override,pa_specialty_rx_override,True,override_domain,override_domain,True,0.4092477314371206,0.4092477314725437,0.37211042522677285,ensemble,True,False,pass
Will this PA override a specialty drug rejection at POS?,pa_specialty_rx_override,pa_specialty_rx_override,True,override_domain,override_domain,True,0.3487213059191421,0.3487213059491784,0.29719421530808177,ensemble,True,False,pass
What is the clinical administration code on this PA?,pa_clinical_admin_code,pa_clinical_admin_code,True,override_domain,override_domain,True,0.8543628967446517,0.8543628968196897,0.8476099457560298,ensemble,True,False,pass
Show the clinical admin code — A or C?,pa_clinical_admin_code,pa_clinical_admin_code,True,override_domain,override_domain,True,0.5617022652473678,0.5617022652963592,0.5464372338591579,ensemble,True,False,pass
Is the clinical admin code populated on this PA?,pa_clinical_admin_code,pa_clinical_admin_code,True,override_domain,override_domain,True,0.6343523839798372,0.6343523840352949,0.6214956088921774,ensemble,True,False,pass
Clinical administration code for this authorization.,pa_clinical_admin_code,pa_clinical_admin_code,True,override_domain,override_domain,True,0.5725834693294468,0.5725834693794066,0.5551137620330435,ensemble,True,False,pass
What clinical admin designation does this PA have?,pa_clinical_admin_code,pa_clinical_admin_code,True,override_domain,override_domain,True,0.3325527811175184,0.3912385660544302,0.3108533580373794,ensemble,False,False,disagreement
PA clinical code?,pa_clinical_admin_code,beneficiary_info,False,override_domain,benefits_api,False,0.12150000315200528,0.22090909665867053,0.09870273534770545,ensemble,False,False,disagreement
Show whether the clinical admin code is set.,pa_clinical_admin_code,pa_clinical_admin_code,True,override_domain,override_domain,True,0.5097871492929146,0.5097871493372856,0.49246172776859065,ensemble,True,False,pass
What is the clinical code classification on this PA?,pa_clinical_admin_code,pa_clinical_admin_code,True,override_domain,override_domain,True,0.23544151180306536,0.23544151182301964,0.1873111056204214,ensemble,True,False,pass
Is the clinical admin code A C or blank?,pa_clinical_admin_code,pa_clinical_admin_code,True,override_domain,override_domain,True,0.531242852415668,0.5312428524619486,0.5156671314938962,ensemble,True,False,pass
Show the clinical administration setting on this PA.,pa_clinical_admin_code,pa_clinical_admin_code,True,override_domain,override_domain,True,0.35529267154658467,0.35529267157720584,0.3130565440167658,ensemble,True,False,pass
What is the transform care type on this PA?,pa_transform_care,pa_transform_care,True,override_domain,override_domain,True,0.8450017097390088,0.8450017098132145,0.8378336547574535,ensemble,True,False,pass
Show the care transformation program for this PA.,pa_transform_care,pa_transform_care,True,override_domain,override_domain,True,0.42127564279369756,0.4212756428301909,0.402227920747063,ensemble,True,False,pass
Is there a transform care designation on this authorization?,pa_transform_care,pa_transform_care,True,override_domain,override_domain,True,0.40030698358043476,0.4003069836150619,0.37225843122879215,ensemble,True,False,pass
Transform care type for PA JW012726LC.,pa_transform_care,pa_transform_care,True,override_domain,override_domain,True,0.5737123629838345,0.5737123630338952,0.5590508426710876,ensemble,True,False,pass
What care transformation program does this PA belong to?,pa_transform_care,pa_transform_care,True,override_domain,override_domain,True,0.3820940450049775,0.38209404503798394,0.3644212828362004,ensemble,True,False,pass
PA transform care?,pa_transform_care,PriorAuth,False,override_domain,claim_history_search,False,0.10854119642491923,0.12769552521615224,0.01722617202365679,ensemble,False,False,disagreement
Show the transform care indicator on this PA.,pa_transform_care,pa_transform_care,True,override_domain,override_domain,True,0.4416626623835042,0.4416626624218121,0.41797413062110705,ensemble,True,False,pass
Is a care transformation program assigned to this PA?,pa_transform_care,pa_transform_care,True,override_domain,override_domain,True,0.38256893018053295,0.3825689302135817,0.3636179309318769,ensemble,True,False,pass
What type of care transformation applies?,pa_transform_care,pa_transform_care,True,override_domain,override_domain,True,0.39984663992692976,0.39984663996151604,0.3821141798283106,ensemble,True,False,pass
Show the transformCareType field on this authorization.,pa_transform_care,pa_transform_care,True,override_domain,override_domain,True,0.4185007012520081,0.418500701288255,0.38226234907551604,ensemble,True,False,pass
Is follow me logic enabled on this PA?,pa_follow_me_logic,pa_follow_me_logic,True,override_domain,override_domain,True,0.8677241781511632,0.8677241782273906,0.8620702979812763,ensemble,True,False,pass
Does this PA follow the member across plan changes?,pa_follow_me_logic,plan_history,False,override_domain,benefits_api,False,0.09280554353565793,0.13257934791888243,0.04281467256715212,ensemble,False,False,disagreement
Show the follow me indicator for this PA.,pa_follow_me_logic,pa_follow_me_logic,True,override_domain,override_domain,True,0.5839385418309291,0.5839385418818996,0.5682142479666903,ensemble,True,False,pass
Follow me logic status for PA JW012726LC.,pa_follow_me_logic,pa_follow_me_logic,True,override_domain,override_domain,True,0.432575444154601,0.4325754441921002,0.4024310107210937,ensemble,True,False,pass
Will this PA stay with the member if they change plans?,pa_follow_me_logic,pa_copay_pricing,False,override_domain,override_domain,True,0.17614334090956033,0.20722745991104366,0.15457340195338098,ensemble,False,False,disagreement
PA follow me?,pa_follow_me_logic,PriorAuth,False,override_domain,claim_history_search,False,0.04375477674806677,0.0795541395480199,0.002817238971130681,ensemble,False,False,disagreement
Is the followMeLogicIndicator set to true?,pa_follow_me_logic,pa_follow_me_logic,True,override_domain,override_domain,True,0.5414267624376112,0.5414267624847984,0.5231922222085158,ensemble,True,False,pass
Does this authorization transfer with the member?,pa_follow_me_logic,member_transition_status,False,override_domain,member_domain,False,0.04109771230229877,0.07472311328255724,0.01901993100305304,ensemble,False,False,disagreement
Show whether follow me logic is active on this PA.,pa_follow_me_logic,pa_follow_me_logic,True,override_domain,override_domain,True,0.7604171236516603,0.7604171237183377,0.7523248263043575,ensemble,True,False,pass
Does the PA persist across plan transitions?,pa_follow_me_logic,member_transition_status,False,override_domain,member_domain,False,0.2548030275497757,0.29976826773129783,0.20076770942029976,ensemble,False,False,disagreement
What is the authorized drug type on this PA — GPI or NDC?,pa_drug_type_indicator,pa_drug_type_indicator,True,override_domain,override_domain,True,0.5821282733729771,0.5821282734237865,0.5541244966425374,ensemble,True,False,pass
Show the drug type indicator for this PA.,pa_drug_type_indicator,pa_drug_type_indicator,True,override_domain,override_domain,True,0.8882693099220446,0.888269310000101,0.8792997632961663,ensemble,True,False,pass
Is this PA using GPI-based or NDC-based matching?,pa_drug_type_indicator,pa_drug_type_indicator,True,override_domain,override_domain,True,0.3497064496099275,0.34970644964005143,0.32210782252705944,ensemble,True,False,pass
Drug type indicator for PA JW012726LC.,pa_drug_type_indicator,pa_drug_type_indicator,True,override_domain,override_domain,True,0.49838856580298607,0.498388565846343,0.458478529081037,ensemble,True,False,pass
Is the authorized drug type set to G or N?,pa_drug_type_indicator,pa_drug_type_indicator,True,override_domain,override_domain,True,0.5053234546949656,0.5053234547389396,0.48663025896448103,ensemble,True,False,pass
PA drug type?,pa_drug_type_indicator,pa_drug_type_indicator,True,override_domain,override_domain,True,0.3935648696560799,0.3935648696901072,0.3499337871762657,ensemble,True,False,pass
Show the drug matching method on this PA.,pa_drug_type_indicator,pa_drug_type_indicator,True,override_domain,override_domain,True,0.3622863024173747,0.36228630244861815,0.33024446688577924,ensemble,True,False,pass
Does this PA match drugs by GPI or by NDC?,pa_drug_type_indicator,pa_drug_type_indicator,True,override_domain,override_domain,True,0.2043771716767945,0.204377171693984,0.09563822307271615,ensemble,True,False,pass
What drug type code is configured on this authorization?,pa_drug_type_indicator,pa_drug_type_indicator,True,override_domain,override_domain,True,0.5416935831072393,0.5416935831544498,0.5199022005349027,ensemble,True,False,pass
Show the authorizedDrugType setting on this PA.,pa_drug_type_indicator,pa_drug_type_indicator,True,override_domain,override_domain,True,0.4989167534931461,0.49891675353654946,0.47370229149026494,ensemble,True,False,pass
When was this PA last modified?,pa_modification_history,pa_modification_history,True,override_domain,override_domain,True,0.9038604820931002,0.9038604821725454,0.9004526387213024,ensemble,True,False,pass
Show the modification timestamp for PA JW012726LC.,pa_modification_history,pa_modification_history,True,override_domain,override_domain,True,0.6477227285021666,0.6477227285588141,0.6279479821892214,ensemble,True,False,pass
What is the modifyDateTime on this PA?,pa_modification_history,pa_modification_history,True,override_domain,override_domain,True,0.6448811496777027,0.6448811497340969,0.6284647190734083,ensemble,True,False,pass
When was the last update to this authorization?,pa_modification_history,pa_modification_history,True,override_domain,override_domain,True,0.25959636877300174,0.305407492700301,0.21432938824298273,ensemble,False,False,disagreement
PA last modified date?,pa_modification_history,pa_modification_history,True,override_domain,override_domain,True,0.4831954228691511,0.48319542291115564,0.456050911624696,ensemble,True,False,pass
Which PA was most recently updated for this member?,pa_modification_history,pa_modification_history,True,override_domain,override_domain,True,0.4152091804003257,0.4152091804362795,0.3804539907021116,ensemble,True,False,pass
Show the last modification date and time.,pa_modification_history,pa_modification_history,True,override_domain,override_domain,True,0.4202491935494175,0.4202491935858196,0.4002974445803402,ensemble,True,False,pass
How recently was this PA changed?,pa_modification_history,pa_modification_history,True,override_domain,override_domain,True,0.9055870491233733,0.9055870492029707,0.8984188784862585,ensemble,True,False,pass
When was this PA record last touched?,pa_modification_history,pa_modification_history,True,override_domain,override_domain,True,0.37747382747173325,0.3774738275043284,0.34820024020740215,ensemble,True,False,pass
Show the update timestamp on this authorization.,pa_modification_history,pa_modification_history,True,override_domain,override_domain,True,0.3690592193546907,0.369059219386537,0.3260514204710405,ensemble,True,False,pass
Hello!,greeting,greeting,True,general,general,True,0.8994394129331456,0.8994394130121963,0.8964792856778189,ensemble,True,False,pass
Hey there.,greeting,greeting,True,general,general,True,0.6326283462665283,0.79078543290254,0.6204837769177669,ensemble,True,True,pass
Good afternoon!,greeting,greeting,True,general,general,True,0.9357898714032745,0.9357898714855587,0.9324476264850273,ensemble,True,False,pass
Morning!,greeting,greeting,True,general,general,True,0.4065616865461313,0.508202108226894,0.3448778095970476,ensemble,True,True,confusion_prone
Hi — I need some help with a claim.,greeting,claim_status,False,general,cap_api,False,0.09471345033691164,0.13530492906377314,0.03633483386275323,ensemble,False,False,disagreement
Howdy.,greeting,greeting,True,general,general,True,0.9176597918295605,0.9176597919102334,0.914225662586349,ensemble,True,False,pass
"Hey, quick question.",greeting,greeting,True,general,general,True,0.13065289807926836,0.19213661483855363,0.08292202917663376,ensemble,False,True,disagreement
Good evening.,greeting,greeting,True,general,general,True,0.5225996829745402,0.6532496037753143,0.47955629015555074,ensemble,True,True,confusion_prone
Greetings!,greeting,greeting,True,general,general,True,0.9313280484926615,0.9313280485745492,0.9278720727712346,ensemble,True,False,pass
Hiya.,greeting,greeting,True,general,general,True,0.9467303747177531,0.9467303748010116,0.9413318155131224,ensemble,True,False,pass
What kind of questions can I ask this system?,help,PriorAuth,False,general,claim_history_search,False,0.050616586392394594,0.0920301570842718,0.0025371432953476404,ensemble,False,False,disagreement
How do I use this tool to look up claims?,help,ClaimNum,False,general,claim_history_search,False,0.16281344376026963,0.20351680471744996,0.11024873867817012,ensemble,True,True,pass
What can you help me with?,help,greeting,False,general,general,True,0.14246926215190037,0.20352751737697156,0.07132887158948599,ensemble,False,False,disagreement
I need guidance on how to query member information.,help,member_demographics,False,general,member_domain,False,0.09592963939971141,0.11285839930282253,0.056985034653449784,ensemble,False,False,disagreement
Can you walk me through the claim lookup process?,help,ClaimNum,False,general,claim_history_search,False,0.16966958812165422,0.21208698516994343,0.0902707441112123,ensemble,True,True,pass
What types of queries does this system support?,help,out_of_scope,False,general,general,True,0.06385280638384863,0.11609601161633008,0.03791587428098613,ensemble,False,False,disagreement
How does this tool work?,help,pa_field_help,False,general,override_domain,False,0.0789145345458091,0.11273504936018929,0.010493813614396575,ensemble,False,False,disagreement
What are the available commands or categories?,help,pa_drug_coverage,False,general,override_domain,False,0.1091378506818825,0.1559112152727083,0.06279501926854146,ensemble,False,False,disagreement
Help me understand what I can do here.,help,greeting,False,general,general,True,0.07323096749096608,0.10461566785254806,0.030350091709768816,ensemble,False,False,disagreement
I am new to this system — where do I start?,help,help,True,general,general,True,0.09018188180803301,0.12883125973622744,0.0415774345268806,ensemble,False,False,disagreement
What is the capital of France?,out_of_scope,out_of_scope,True,general,general,True,0.7310477977928616,0.7310477978569248,0.7185714366845322,ensemble,True,False,pass
Can you help me book a flight?,out_of_scope,out_of_scope,True,general,general,True,0.40081243799988037,0.4008124380345527,0.3695937864621124,ensemble,True,False,confusion_prone
Tell me a joke.,out_of_scope,out_of_scope,True,general,general,True,0.9516740393070485,0.9516740393907474,0.9467139317554613,ensemble,True,False,pass
What are the side effects of ibuprofen?,out_of_scope,out_of_scope,True,general,general,True,0.21505130170140924,0.2530015314349398,0.16299610582622112,ensemble,False,False,disagreement
How do I reset my email password?,out_of_scope,out_of_scope,True,general,general,True,0.13154352477488612,0.1547570879832276,0.006915960256675545,ensemble,False,False,disagreement
Calculate 15% tip on a $42 bill.,out_of_scope,pricing_info,False,general,cap_api,False,0.2287782265974062,0.2691508548434323,0.061520659821306674,ensemble,False,False,disagreement
What is the score of the game?,out_of_scope,out_of_scope,True,general,general,True,0.42105714850825354,0.42105714854472764,0.3901159195032916,ensemble,True,False,confusion_prone
asdfghjkl qwerty,out_of_scope,out_of_scope,True,general,general,True,0.5795902527802171,0.7244878160387511,0.5567046797734546,ensemble,True,True,confusion_pair
Who won the Super Bowl last year?,out_of_scope,out_of_scope,True,general,general,True,0.6165645165431725,0.6165645165970468,0.5950013330663445,ensemble,True,False,pass
Recommend a good restaurant nearby.,out_of_scope,out_of_scope,True,general,general,True,0.5557243246493843,0.5557243246978436,0.5389992133602366,ensemble,True,False,pass
